,car_names ,car_prices,car_ratings,car_review
0,frendo High Speed 1:24 Scale Rechargeable Remote Car fo...,₹399,3.8,"-2,468"
1,CADDLE & TOES Famous Car Remote Control 3D with LED Lig...,₹310,3.5,"-52,302"
2,"CADDLE & TOES Rock Car , Spring wheels ,1:20 scale,Remo...",₹649,3.5,"-17,267"
3,CADDLE & TOES Remote Control Toy Car Electric Chargeabl...,₹420,3.4,"-10,149"
4,WISHKEY Remote Control Super High Speed Racing Car With...,₹499,3.7,"-34,747"
5,frendo Off Roader Rechargeable Remote Control Monster T...,"₹1,099",4.1,"-4,105"
6,Buddynjoy 3D lighting kids high speed rechargeable remo...,₹313,3.6,"-15,021"
7,GOODTIMES TOYS RC Car – Rechargeable Remote Control Rac...,₹279,N/A,N/A
8,CADDLE & TOES Famous Car Remote Control 3D with LED Lig...,₹279,3.5,"-52,302"
9,fenterprises Remote Control Stunt Car 360° Rotation Mul...,₹445,3.9,"-3,718"
10,"CADDLE & TOES Rock Car , Spring wheels ,1:20 scale,Remo...",₹853,3.5,"-17,267"
11,frendo High Speed Mini 1:24 Scale Rechargeable Remote c...,₹699,3.8,"-1,147"
12,Xcillince Toys 4 Channel Remote control RC sports SUV F...,₹430,3.5,"-1,881"
13,TOYS TREK Remote Control Sports Racing Car,₹279,N/A,N/A
14,Toys World 3D Fast Steering Remote Car,₹260,3.4,"-18,693"
15,Xcillince Toys RC Car Chargable| Fun RC Toy and Gift fo...,₹447,3.4,"-1,340"
16,frendo HI SPEED RC CAR LAM Black,₹949,4.1,-19
17,Delta Enterprises Remote Control Car,₹873,N/A,N/A
18,ctm toys Tesla Cybertruck High Speed RC 2.4GHz Long Bat...,₹884,N/A,N/A
19,"CADDLE & TOES Rock Car , Spring wheels ,1:20 scale,Remo...",₹851,3.5,"-17,267"
20,Xcillince Toys xt_Wireless Remote Control Fast Modern C...,₹267,N/A,N/A
21,"CADDLE & TOES Rock Car , Spring wheels ,1:20 scale,Remo...",₹853,3.5,"-17,267"
22,magic toys High-Speed 4WD Spray RC Car - Remote Control...,"₹1,670",4,-64
23,frendo Off Roader Rechargeable Remote Control Monster T...,"₹1,099",4.1,"-4,105"
24,Toyco Rechargeable Famous Remote Control Car with Smoke...,₹387,3.6,"-1,840"
25,CADDLE & TOES Famous Car Remote Control 3D with LED Lig...,₹536,3.5,"-52,302"
26,CADDLE & TOES New High Speed Sports Car With Rechargeab...,₹377,3.5,-550
27,Wembley Rechargeable Adventure Jeep Off Roader All-Terr...,"₹1,102",4,-752
28,Toyco Rechargeable Famous Remote Control Car with Smoke...,₹387,3.6,"-1,840"
29,frendo High Speed 1:24 Rechargeable C type charging Min...,₹644,3.7,-214
30,frendo Off Roader Monster Truck Black,"₹1,249",N/A,N/A
31,frendo High Speed 1:24 Scale Rechargeable Remote Car fo...,₹699,3.8,"-2,468"
32,Just97 Rechargeable Farrari Style Remote Control Car Wi...,₹818,N/A,N/A
33,Aavkar creation Off Roader Back Car 4x4 With Mist Smoke...,"₹1,337",3.3,-91
34,Buddynjoy 3D lighting kids high speed rechargeable remo...,₹386,3.6,"-15,021"
35,Webby Remote Controlled Doors,₹816,3.9,-362
36,"Royaldeals 1/16 Rc Drift Car Rc Cars, 2.4Ghz 4Wd High S...","₹3,254",N/A,N/A
37,VikriDa Remote Control car with Mist Smoke Spray Functi...,"₹1,040",3.6,-266
38,CADDLE & TOES Famous Car Remote Control 3D with LED Lig...,₹411,3.5,"-52,302"
39,Aavkar creation Hand Gesture Sensor RC Stunt Car Double...,"₹1,697",3.6,-203
40,frendo Off Roader Rechargeable Remote Control Monster T...,"₹1,099",4.1,"-4,105"
41,CADDLE & TOES Famous Car Remote Control 3D with LED Lig...,₹421,3.5,"-52,302"
42,CADDLE & TOES Famous Car Remote Control 3D Car with LED...,₹411,3.4,"-10,953"
43,SJVJ R/c stunt car defender,"₹1,211",3.7,-12
44,Buddynjoy 3D lighting kids high speed rechargeable remo...,₹396,3.6,"-15,021"
45,Miss & Chief 3D LED Lighting | high speed rechargeable ...,₹286,3.5,"-2,140"
46,CADDLE & TOES Remote Controlled Rock Crawler RC Monster...,₹705,3.5,"-19,765"
47,frendo Off Roader Rechargeable Remote Control Monster T...,"₹1,437",4.1,"-4,105"
48,Amayra Toy Car like Ferrari With open And Closed Doors ...,₹755,3.6,"-5,779"
49,VikriDa 2.4G 1:20 RC Car Stunt Spray Car with Light Bat...,₹748,3.6,-310
50,CADDLE & TOES Famous Car Remote Control 3D with LED Lig...,₹536,3.5,"-52,302"
51,frendo High Speed Mini 1:24 Scale Rechargeable Remote c...,₹699,3.8,-121
52,frendo High Speed Mini 1:24 Scale Rechargeable Remote c...,₹699,3.8,"-1,147"
53,KidsBug Remote Controlled Rock Crawler RC Monster Truck...,₹838,3.5,-208
54,Aavkar creation Big Rock Crawler Car 4x4 for Boys&Girls...,₹789,3.4,-15
55,ZUNBELLA 2in1 Automatic Convertible Transforming Robot ...,₹390,3.9,"-13,379"
56,TOIGEN Formula 1 Remote Control Racing car,₹953,3.4,-281
57,frendo HI SPEED RC CAR BUG Black Matt,₹949,3.3,-7
58,VikriDa Formula 1 smoke car-RE_Acq,₹959,3.6,-182
59,"VikriDa Gesture Sensing Stunt Rc Cars, 8Wd Rechargeable...","₹1,974",3.6,-311
60,frendo High Speed 1:24 Scale Rechargeable Remote Car fo...,₹524,3.8,"-2,468"
61,VikriDa Remote Control Extreme Drift Stunt Car for Kids...,"₹1,285",4.3,-19
62,Wembley Monster Truck Rechargeable Remote Control Car O...,"₹1,115",3.8,-78
63,frendo HI SPEED RC CAR LAM Black,₹949,4.1,-19
64,"ENGINEDIGITAL 4WD RC Drift Car with LED Lights, 30km/h ...","₹4,369",N/A,N/A
65,Wembley High Speed Mini 1:24 Scale Rechargeable Remote ...,₹544,3.8,"-17,550"
66,frendo Off Roader Rechargeable Remote Control Monster T...,"₹1,099",4,-933
67,frendo High Speed 1:24 Scale Rechargeable Remote Car fo...,₹729,3.8,"-2,468"
68,CADDLE & TOES Famous Car Remote Control 3D with LED Lig...,₹363,3.5,"-52,302"
69,frendo High Speed 1:24 Rechargeable C type charging Min...,₹699,3.7,-898
70,frendo High Speed 1:24 Scale Rechargeable Remote Car fo...,₹699,3.8,"-2,468"
71,frendo Off Roader Rechargeable Remote Control Monster T...,"₹1,099",4.1,"-4,105"
72,CADDLE & TOES Famous Car Remote Control 3D with LED Lig...,₹461,3.5,"-52,302"
73,UB Toys UB Toys Rechargeable 360 Remote Control Stunt C...,₹595,3.6,-409
74,Buddynjoy 3D lighting kids high speed rechargeable remo...,₹386,3.6,"-15,021"
75,frendo Off Roader Rechargeable Remote Control Monster T...,"₹1,099",4.1,"-4,105"
76,BACHCHARIDE Vande Bharat Express Toy Train –Model 105 B...,₹267,N/A,N/A
77,frendo High Speed 1:24 Scale Rechargeable Remote Car fo...,₹599,3.8,"-2,468"
78,"SHAILRON High-Speed RC Stunt Car, Finger Gesture Contro...","₹1,740",3.6,-7
79,APJ enterprise Remote Controlled Spray Racing Sports Ca...,"₹1,986",N/A,N/A
80,frendo High Speed 1:24 Scale Rechargeable Remote Car fo...,₹399,3.8,"-2,468"
81,CADDLE & TOES Famous Car Remote Control 3D with LED Lig...,₹310,3.5,"-52,302"
82,"CADDLE & TOES Rock Car , Spring wheels ,1:20 scale,Remo...",₹649,3.5,"-17,267"
83,WISHKEY Remote Control Super High Speed Racing Car With...,₹499,3.7,"-34,747"
84,Buddynjoy 3D lighting kids high speed rechargeable remo...,₹313,3.6,"-15,021"
85,frendo Off Roader Rechargeable Remote Control Monster T...,"₹1,099",4.1,"-4,105"
86,CADDLE & TOES Famous Car Remote Control 3D with LED Lig...,₹279,3.5,"-52,302"
87,GOODTIMES TOYS RC Car – Rechargeable Remote Control Rac...,₹279,N/A,N/A
88,fenterprises Remote Control Stunt Car 360° Rotation Mul...,₹445,3.9,"-3,718"
89,Xcillince Toys 4 Channel Remote control RC sports SUV F...,₹430,3.5,"-1,881"
90,"CADDLE & TOES Rock Car , Spring wheels ,1:20 scale,Remo...",₹853,3.5,"-17,267"
91,frendo High Speed Mini 1:24 Scale Rechargeable Remote c...,₹699,3.8,"-1,147"
92,Toys World 3D Fast Steering Remote Car,₹260,3.4,"-18,693"
93,TOYS TREK Remote Control Sports Racing Car,₹279,N/A,N/A
94,Xcillince Toys RC Car Chargable| Fun RC Toy and Gift fo...,₹447,3.4,"-1,340"
95,"CADDLE & TOES Rock Car , Spring wheels ,1:20 scale,Remo...",₹851,3.5,"-17,267"
96,frendo HI SPEED RC CAR LAM Black,₹949,4.1,-19
97,Delta Enterprises Remote Control Car,₹873,N/A,N/A
98,ctm toys Tesla Cybertruck High Speed RC 2.4GHz Long Bat...,₹884,N/A,N/A
99,magic toys High-Speed 4WD Spray RC Car - Remote Control...,"₹1,670",4,-64
100,"CADDLE & TOES Rock Car , Spring wheels ,1:20 scale,Remo...",₹853,3.5,"-17,267"
101,CADDLE & TOES New High Speed Sports Car With Rechargeab...,₹377,3.5,-550
102,frendo Off Roader Rechargeable Remote Control Monster T...,"₹1,099",4.1,"-4,105"
103,Toyco Rechargeable Famous Remote Control Car with Smoke...,₹387,3.6,"-1,840"
104,CADDLE & TOES Famous Car Remote Control 3D with LED Lig...,₹536,3.5,"-52,302"
105,Toyco Rechargeable Famous Remote Control Car with Smoke...,₹387,3.6,"-1,840"
106,Wembley Rechargeable Adventure Jeep Off Roader All-Terr...,"₹1,102",4,-752
107,frendo Off Roader Monster Truck Black,"₹1,249",N/A,N/A
108,frendo High Speed 1:24 Rechargeable C type charging Min...,₹644,3.7,-214
109,Aavkar creation Off Roader Back Car 4x4 With Mist Smoke...,"₹1,337",3.3,-91
110,Xcillince Toys xt_Wireless Remote Control Fast Modern C...,₹267,N/A,N/A
111,frendo High Speed 1:24 Scale Rechargeable Remote Car fo...,₹699,3.8,"-2,468"
112,Just97 Rechargeable Farrari Style Remote Control Car Wi...,₹818,N/A,N/A
113,Buddynjoy 3D lighting kids high speed rechargeable remo...,₹386,3.6,"-15,021"
114,Webby Remote Controlled Doors,₹816,3.9,-362
115,CADDLE & TOES Famous Car Remote Control 3D with LED Lig...,₹411,3.5,"-52,302"
116,"Royaldeals 1/16 Rc Drift Car Rc Cars, 2.4Ghz 4Wd High S...","₹3,254",N/A,N/A
117,VikriDa Remote Control car with Mist Smoke Spray Functi...,"₹1,040",3.6,-266
118,Aavkar creation Hand Gesture Sensor RC Stunt Car Double...,"₹1,697",3.6,-203
119,Goyal's Remote Control RC Stunt Car Vehicle 360° Rotati...,₹330,3.6,-599
120,frendo Off Roader Rechargeable Remote Control Monster T...,"₹1,099",4.1,"-4,105"
121,CADDLE & TOES Famous Car Remote Control 3D with LED Lig...,₹421,3.5,"-52,302"
122,CADDLE & TOES Famous Car Remote Control 3D Car with LED...,₹411,3.4,"-10,953"
123,SJVJ R/c stunt car defender,"₹1,211",3.7,-12
124,Buddynjoy 3D lighting kids high speed rechargeable remo...,₹396,3.6,"-15,021"
125,Miss & Chief 3D LED Lighting | high speed rechargeable ...,₹286,3.5,"-2,140"
126,CADDLE & TOES Remote Controlled Rock Crawler RC Monster...,₹705,3.5,"-19,765"
127,frendo Off Roader Rechargeable Remote Control Monster T...,"₹1,437",4.1,"-4,105"
128,Amayra Toy Car like Ferrari With open And Closed Doors ...,₹755,3.6,"-5,779"
129,VikriDa 2.4G 1:20 RC Car Stunt Spray Car with Light Bat...,₹748,3.6,-310
130,CADDLE & TOES Famous Car Remote Control 3D with LED Lig...,₹536,3.5,"-52,302"
131,frendo High Speed Mini 1:24 Scale Rechargeable Remote c...,₹699,3.8,-121
132,frendo High Speed Mini 1:24 Scale Rechargeable Remote c...,₹699,3.8,"-1,147"
133,KidsBug Remote Controlled Rock Crawler RC Monster Truck...,₹838,3.5,-208
134,Aavkar creation Big Rock Crawler Car 4x4 for Boys&Girls...,₹789,3.4,-15
135,ZUNBELLA 2in1 Automatic Convertible Transforming Robot ...,₹390,3.9,"-13,379"
136,TOIGEN Formula 1 Remote Control Racing car,₹953,3.4,-281
137,frendo HI SPEED RC CAR BUG Black Matt,₹949,3.3,-7
138,VikriDa Formula 1 smoke car-RE_Acq,₹959,3.6,-182
139,"VikriDa Gesture Sensing Stunt Rc Cars, 8Wd Rechargeable...","₹1,974",3.6,-311
140,frendo High Speed 1:24 Scale Rechargeable Remote Car fo...,₹524,3.8,"-2,468"
141,VikriDa Remote Control Extreme Drift Stunt Car for Kids...,"₹1,285",4.3,-19
142,Wembley Monster Truck Rechargeable Remote Control Car O...,"₹1,115",3.8,-78
143,frendo HI SPEED RC CAR LAM Black,₹949,4.1,-19
144,"ENGINEDIGITAL 4WD RC Drift Car with LED Lights, 30km/h ...","₹4,369",N/A,N/A
145,Wembley High Speed Mini 1:24 Scale Rechargeable Remote ...,₹544,3.8,"-17,550"
146,frendo Off Roader Rechargeable Remote Control Monster T...,"₹1,099",4,-933
147,frendo High Speed 1:24 Scale Rechargeable Remote Car fo...,₹729,3.8,"-2,468"
148,CADDLE & TOES Famous Car Remote Control 3D with LED Lig...,₹363,3.5,"-52,302"
149,frendo High Speed 1:24 Rechargeable C type charging Min...,₹699,3.7,-898
150,frendo High Speed 1:24 Scale Rechargeable Remote Car fo...,₹699,3.8,"-2,468"
151,frendo Off Roader Rechargeable Remote Control Monster T...,"₹1,099",4.1,"-4,105"
152,CADDLE & TOES Famous Car Remote Control 3D with LED Lig...,₹461,3.5,"-52,302"
153,UB Toys UB Toys Rechargeable 360 Remote Control Stunt C...,₹595,3.6,-409
154,Buddynjoy 3D lighting kids high speed rechargeable remo...,₹386,3.6,"-15,021"
155,frendo Off Roader Rechargeable Remote Control Monster T...,"₹1,099",4.1,"-4,105"
156,BACHCHARIDE Vande Bharat Express Toy Train –Model 105 B...,₹267,N/A,N/A
157,frendo High Speed 1:24 Scale Rechargeable Remote Car fo...,₹599,3.8,"-2,468"
158,"SHAILRON High-Speed RC Stunt Car, Finger Gesture Contro...","₹1,740",3.6,-7
159,APJ enterprise Remote Controlled Spray Racing Sports Ca...,"₹1,986",N/A,N/A
160,frendo High Speed 1:24 Scale Rechargeable Remote Car fo...,₹399,3.8,"-2,468"
161,CADDLE & TOES Famous Car Remote Control 3D with LED Lig...,₹310,3.5,"-52,302"
162,"CADDLE & TOES Rock Car , Spring wheels ,1:20 scale,Remo...",₹649,3.5,"-17,267"
163,WISHKEY Remote Control Super High Speed Racing Car With...,₹499,3.7,"-34,747"
164,Buddynjoy 3D lighting kids high speed rechargeable remo...,₹313,3.6,"-15,021"
165,frendo Off Roader Rechargeable Remote Control Monster T...,"₹1,099",4.1,"-4,105"
166,CADDLE & TOES Famous Car Remote Control 3D with LED Lig...,₹279,3.5,"-52,302"
167,GOODTIMES TOYS RC Car – Rechargeable Remote Control Rac...,₹279,N/A,N/A
168,fenterprises Remote Control Stunt Car 360° Rotation Mul...,₹445,3.9,"-3,718"
169,Xcillince Toys 4 Channel Remote control RC sports SUV F...,₹430,3.5,"-1,881"
170,"CADDLE & TOES Rock Car , Spring wheels ,1:20 scale,Remo...",₹853,3.5,"-17,267"
171,frendo High Speed Mini 1:24 Scale Rechargeable Remote c...,₹699,3.8,"-1,147"
172,Toys World 3D Fast Steering Remote Car,₹260,3.4,"-18,693"
173,TOYS TREK Remote Control Sports Racing Car,₹279,N/A,N/A
174,Xcillince Toys RC Car Chargable| Fun RC Toy and Gift fo...,₹447,3.4,"-1,340"
175,"CADDLE & TOES Rock Car , Spring wheels ,1:20 scale,Remo...",₹851,3.5,"-17,267"
176,frendo HI SPEED RC CAR LAM Black,₹949,4.1,-19
177,Delta Enterprises Remote Control Car,₹873,N/A,N/A
178,ctm toys Tesla Cybertruck High Speed RC 2.4GHz Long Bat...,₹884,N/A,N/A
179,magic toys High-Speed 4WD Spray RC Car - Remote Control...,"₹1,670",4,-64
180,"CADDLE & TOES Rock Car , Spring wheels ,1:20 scale,Remo...",₹853,3.5,"-17,267"
181,CADDLE & TOES New High Speed Sports Car With Rechargeab...,₹377,3.5,-550
182,frendo Off Roader Rechargeable Remote Control Monster T...,"₹1,099",4.1,"-4,105"
183,Toyco Rechargeable Famous Remote Control Car with Smoke...,₹387,3.6,"-1,840"
184,CADDLE & TOES Famous Car Remote Control 3D with LED Lig...,₹536,3.5,"-52,302"
185,Toyco Rechargeable Famous Remote Control Car with Smoke...,₹387,3.6,"-1,840"
186,Wembley Rechargeable Adventure Jeep Off Roader All-Terr...,"₹1,102",4,-752
187,frendo Off Roader Monster Truck Black,"₹1,249",N/A,N/A
188,frendo High Speed 1:24 Rechargeable C type charging Min...,₹644,3.7,-214
189,Aavkar creation Off Roader Back Car 4x4 With Mist Smoke...,"₹1,337",3.3,-91
190,Xcillince Toys xt_Wireless Remote Control Fast Modern C...,₹267,N/A,N/A
191,frendo High Speed 1:24 Scale Rechargeable Remote Car fo...,₹699,3.8,"-2,468"
192,Just97 Rechargeable Farrari Style Remote Control Car Wi...,₹818,N/A,N/A
193,Buddynjoy 3D lighting kids high speed rechargeable remo...,₹386,3.6,"-15,021"
194,Webby Remote Controlled Doors,₹816,3.9,-362
195,CADDLE & TOES Famous Car Remote Control 3D with LED Lig...,₹411,3.5,"-52,302"
196,"Royaldeals 1/16 Rc Drift Car Rc Cars, 2.4Ghz 4Wd High S...","₹3,254",N/A,N/A
197,VikriDa Remote Control car with Mist Smoke Spray Functi...,"₹1,040",3.6,-266
198,Aavkar creation Hand Gesture Sensor RC Stunt Car Double...,"₹1,697",3.6,-203
199,Goyal's Remote Control RC Stunt Car Vehicle 360° Rotati...,₹330,3.6,-599
200,frendo Off Roader Rechargeable Remote Control Monster T...,"₹1,099",4.1,"-4,105"
201,CADDLE & TOES Famous Car Remote Control 3D with LED Lig...,₹421,3.5,"-52,302"
202,CADDLE & TOES Famous Car Remote Control 3D Car with LED...,₹411,3.4,"-10,953"
203,SJVJ R/c stunt car defender,"₹1,211",3.7,-12
204,Buddynjoy 3D lighting kids high speed rechargeable remo...,₹396,3.6,"-15,021"
205,Miss & Chief 3D LED Lighting | high speed rechargeable ...,₹286,3.5,"-2,140"
206,frendo Off Roader Rechargeable Remote Control Monster T...,"₹1,437",4.1,"-4,105"
207,CADDLE & TOES Remote Controlled Rock Crawler RC Monster...,₹705,3.5,"-19,765"
208,Amayra Toy Car like Ferrari With open And Closed Doors ...,₹755,3.6,"-5,779"
209,VikriDa 2.4G 1:20 RC Car Stunt Spray Car with Light Bat...,₹748,3.6,-310
210,frendo High Speed Mini 1:24 Scale Rechargeable Remote c...,₹699,3.8,-121
211,CADDLE & TOES Famous Car Remote Control 3D with LED Lig...,₹536,3.5,"-52,302"
212,frendo High Speed Mini 1:24 Scale Rechargeable Remote c...,₹699,3.8,"-1,147"
213,KidsBug Remote Controlled Rock Crawler RC Monster Truck...,₹838,3.5,-208
214,Aavkar creation Big Rock Crawler Car 4x4 for Boys&Girls...,₹789,3.4,-15
215,ZUNBELLA 2in1 Automatic Convertible Transforming Robot ...,₹390,3.9,"-13,379"
216,TOIGEN Formula 1 Remote Control Racing car,₹953,3.4,-281
217,frendo HI SPEED RC CAR BUG Black Matt,₹949,3.3,-7
218,VikriDa Formula 1 smoke car-RE_Acq,₹959,3.6,-182
219,"VikriDa Gesture Sensing Stunt Rc Cars, 8Wd Rechargeable...","₹1,974",3.6,-311
220,frendo High Speed 1:24 Scale Rechargeable Remote Car fo...,₹524,3.8,"-2,468"
221,VikriDa Remote Control Extreme Drift Stunt Car for Kids...,"₹1,285",4.3,-19
222,Wembley Monster Truck Rechargeable Remote Control Car O...,"₹1,115",3.8,-78
223,frendo HI SPEED RC CAR LAM Black,₹949,4.1,-19
224,"ENGINEDIGITAL 4WD RC Drift Car with LED Lights, 30km/h ...","₹4,369",N/A,N/A
225,Wembley High Speed Mini 1:24 Scale Rechargeable Remote ...,₹544,3.8,"-17,550"
226,frendo Off Roader Rechargeable Remote Control Monster T...,"₹1,099",4,-933
227,frendo High Speed 1:24 Scale Rechargeable Remote Car fo...,₹729,3.8,"-2,468"
228,CADDLE & TOES Famous Car Remote Control 3D with LED Lig...,₹363,3.5,"-52,302"
229,frendo High Speed 1:24 Rechargeable C type charging Min...,₹699,3.7,-898
230,frendo High Speed 1:24 Scale Rechargeable Remote Car fo...,₹699,3.8,"-2,468"
231,frendo Off Roader Rechargeable Remote Control Monster T...,"₹1,099",4.1,"-4,105"
232,CADDLE & TOES Famous Car Remote Control 3D with LED Lig...,₹461,3.5,"-52,302"
233,UB Toys UB Toys Rechargeable 360 Remote Control Stunt C...,₹595,3.6,-409
234,Buddynjoy 3D lighting kids high speed rechargeable remo...,₹386,3.6,"-15,021"
235,frendo Off Roader Rechargeable Remote Control Monster T...,"₹1,099",4.1,"-4,105"
236,frendo High Speed 1:24 Scale Rechargeable Remote Car fo...,₹599,3.8,"-2,468"
237,frendo Off Roader Monster Truck Silver,"₹1,299",4.3,-7
238,"SHAILRON High-Speed RC Stunt Car, Finger Gesture Contro...","₹1,740",3.6,-7
239,APJ enterprise Remote Controlled Spray Racing Sports Ca...,"₹1,986",N/A,N/A
240,frendo High Speed 1:24 Scale Rechargeable Remote Car fo...,₹399,3.8,"-2,468"
241,CADDLE & TOES Famous Car Remote Control 3D with LED Lig...,₹310,3.5,"-52,302"
242,"CADDLE & TOES Rock Car , Spring wheels ,1:20 scale,Remo...",₹649,3.5,"-17,267"
243,WISHKEY Remote Control Super High Speed Racing Car With...,₹499,3.7,"-34,747"
244,Buddynjoy 3D lighting kids high speed rechargeable remo...,₹313,3.6,"-15,021"
245,frendo Off Roader Rechargeable Remote Control Monster T...,"₹1,099",4.1,"-4,105"
246,CADDLE & TOES Famous Car Remote Control 3D with LED Lig...,₹279,3.5,"-52,302"
247,GOODTIMES TOYS RC Car – Rechargeable Remote Control Rac...,₹279,N/A,N/A
248,fenterprises Remote Control Stunt Car 360° Rotation Mul...,₹445,3.9,"-3,718"
249,Xcillince Toys 4 Channel Remote control RC sports SUV F...,₹430,3.5,"-1,881"
250,"CADDLE & TOES Rock Car , Spring wheels ,1:20 scale,Remo...",₹853,3.5,"-17,267"
251,frendo High Speed Mini 1:24 Scale Rechargeable Remote c...,₹699,3.8,"-1,147"
252,Toys World 3D Fast Steering Remote Car,₹260,3.4,"-18,693"
253,TOYS TREK Remote Control Sports Racing Car,₹279,N/A,N/A
254,Xcillince Toys RC Car Chargable| Fun RC Toy and Gift fo...,₹447,3.4,"-1,340"
255,"CADDLE & TOES Rock Car , Spring wheels ,1:20 scale,Remo...",₹851,3.5,"-17,267"
256,frendo HI SPEED RC CAR LAM Black,₹949,4.1,-19
257,Delta Enterprises Remote Control Car,₹873,N/A,N/A
258,ctm toys Tesla Cybertruck High Speed RC 2.4GHz Long Bat...,₹884,N/A,N/A
259,magic toys High-Speed 4WD Spray RC Car - Remote Control...,"₹1,670",4,-64
260,"CADDLE & TOES Rock Car , Spring wheels ,1:20 scale,Remo...",₹853,3.5,"-17,267"
261,CADDLE & TOES New High Speed Sports Car With Rechargeab...,₹377,3.5,-550
262,frendo Off Roader Rechargeable Remote Control Monster T...,"₹1,099",4.1,"-4,105"
263,Toyco Rechargeable Famous Remote Control Car with Smoke...,₹387,3.6,"-1,840"
264,CADDLE & TOES Famous Car Remote Control 3D with LED Lig...,₹536,3.5,"-52,302"
265,Toyco Rechargeable Famous Remote Control Car with Smoke...,₹387,3.6,"-1,840"
266,Wembley Rechargeable Adventure Jeep Off Roader All-Terr...,"₹1,102",4,-752
267,frendo Off Roader Monster Truck Black,"₹1,249",N/A,N/A
268,frendo High Speed 1:24 Rechargeable C type charging Min...,₹644,3.7,-214
269,Aavkar creation Off Roader Back Car 4x4 With Mist Smoke...,"₹1,337",3.3,-91
270,Xcillince Toys xt_Wireless Remote Control Fast Modern C...,₹267,N/A,N/A
271,frendo High Speed 1:24 Scale Rechargeable Remote Car fo...,₹699,3.8,"-2,468"
272,Just97 Rechargeable Farrari Style Remote Control Car Wi...,₹818,N/A,N/A
273,Buddynjoy 3D lighting kids high speed rechargeable remo...,₹386,3.6,"-15,021"
274,Webby Remote Controlled Doors,₹816,3.9,-362
275,CADDLE & TOES Famous Car Remote Control 3D with LED Lig...,₹411,3.5,"-52,302"
276,"Royaldeals 1/16 Rc Drift Car Rc Cars, 2.4Ghz 4Wd High S...","₹3,254",N/A,N/A
277,VikriDa Remote Control car with Mist Smoke Spray Functi...,"₹1,040",3.6,-266
278,Aavkar creation Hand Gesture Sensor RC Stunt Car Double...,"₹1,697",3.6,-203
279,Goyal's Remote Control RC Stunt Car Vehicle 360° Rotati...,₹330,3.6,-599
280,frendo Off Roader Rechargeable Remote Control Monster T...,"₹1,099",4.1,"-4,105"
281,CADDLE & TOES Famous Car Remote Control 3D with LED Lig...,₹421,3.5,"-52,302"
282,CADDLE & TOES Famous Car Remote Control 3D Car with LED...,₹411,3.4,"-10,953"
283,SJVJ R/c stunt car defender,"₹1,211",3.7,-12
284,Buddynjoy 3D lighting kids high speed rechargeable remo...,₹396,3.6,"-15,021"
285,Miss & Chief 3D LED Lighting | high speed rechargeable ...,₹286,3.5,"-2,140"
286,frendo Off Roader Rechargeable Remote Control Monster T...,"₹1,437",4.1,"-4,105"
287,CADDLE & TOES Remote Controlled Rock Crawler RC Monster...,₹705,3.5,"-19,765"
288,Amayra Toy Car like Ferrari With open And Closed Doors ...,₹755,3.6,"-5,779"
289,VikriDa 2.4G 1:20 RC Car Stunt Spray Car with Light Bat...,₹748,3.6,-310
290,frendo High Speed Mini 1:24 Scale Rechargeable Remote c...,₹699,3.8,-121
291,CADDLE & TOES Famous Car Remote Control 3D with LED Lig...,₹536,3.5,"-52,302"
292,frendo High Speed Mini 1:24 Scale Rechargeable Remote c...,₹699,3.8,"-1,147"
293,KidsBug Remote Controlled Rock Crawler RC Monster Truck...,₹838,3.5,-208
294,Aavkar creation Big Rock Crawler Car 4x4 for Boys&Girls...,₹789,3.4,-15
295,ZUNBELLA 2in1 Automatic Convertible Transforming Robot ...,₹390,3.9,"-13,379"
296,TOIGEN Formula 1 Remote Control Racing car,₹953,3.4,-281
297,frendo HI SPEED RC CAR BUG Black Matt,₹949,3.3,-7
298,VikriDa Formula 1 smoke car-RE_Acq,₹959,3.6,-182
299,"VikriDa Gesture Sensing Stunt Rc Cars, 8Wd Rechargeable...","₹1,974",3.6,-311
300,frendo High Speed 1:24 Scale Rechargeable Remote Car fo...,₹524,3.8,"-2,468"
301,VikriDa Remote Control Extreme Drift Stunt Car for Kids...,"₹1,285",4.3,-19
302,Wembley Monster Truck Rechargeable Remote Control Car O...,"₹1,115",3.8,-78
303,frendo HI SPEED RC CAR LAM Black,₹949,4.1,-19
304,"ENGINEDIGITAL 4WD RC Drift Car with LED Lights, 30km/h ...","₹4,369",N/A,N/A
305,Wembley High Speed Mini 1:24 Scale Rechargeable Remote ...,₹544,3.8,"-17,550"
306,frendo Off Roader Rechargeable Remote Control Monster T...,"₹1,099",4,-933
307,frendo High Speed 1:24 Scale Rechargeable Remote Car fo...,₹729,3.8,"-2,468"
308,CADDLE & TOES Famous Car Remote Control 3D with LED Lig...,₹363,3.5,"-52,302"
309,frendo High Speed 1:24 Rechargeable C type charging Min...,₹699,3.7,-898
310,frendo High Speed 1:24 Scale Rechargeable Remote Car fo...,₹699,3.8,"-2,468"
311,frendo Off Roader Rechargeable Remote Control Monster T...,"₹1,099",4.1,"-4,105"
312,CADDLE & TOES Famous Car Remote Control 3D with LED Lig...,₹461,3.5,"-52,302"
313,UB Toys UB Toys Rechargeable 360 Remote Control Stunt C...,₹595,3.6,-409
314,Buddynjoy 3D lighting kids high speed rechargeable remo...,₹386,3.6,"-15,021"
315,frendo Off Roader Rechargeable Remote Control Monster T...,"₹1,099",4.1,"-4,105"
316,frendo High Speed 1:24 Scale Rechargeable Remote Car fo...,₹599,3.8,"-2,468"
317,frendo Off Roader Monster Truck Silver,"₹1,299",4.3,-7
318,"SHAILRON High-Speed RC Stunt Car, Finger Gesture Contro...","₹1,740",3.6,-7
319,APJ enterprise Remote Controlled Spray Racing Sports Ca...,"₹1,986",N/A,N/A
320,frendo High Speed 1:24 Scale Rechargeable Remote Car fo...,₹399,3.8,"-2,468"
321,CADDLE & TOES Famous Car Remote Control 3D with LED Lig...,₹310,3.5,"-52,302"
322,"CADDLE & TOES Rock Car , Spring wheels ,1:20 scale,Remo...",₹649,3.5,"-17,267"
323,WISHKEY Remote Control Super High Speed Racing Car With...,₹499,3.7,"-34,747"
324,Buddynjoy 3D lighting kids high speed rechargeable remo...,₹313,3.6,"-15,021"
325,frendo Off Roader Rechargeable Remote Control Monster T...,"₹1,099",4.1,"-4,105"
326,CADDLE & TOES Famous Car Remote Control 3D with LED Lig...,₹279,3.5,"-52,302"
327,GOODTIMES TOYS RC Car – Rechargeable Remote Control Rac...,₹279,N/A,N/A
328,fenterprises Remote Control Stunt Car 360° Rotation Mul...,₹445,3.9,"-3,718"
329,Xcillince Toys 4 Channel Remote control RC sports SUV F...,₹430,3.5,"-1,881"
330,"CADDLE & TOES Rock Car , Spring wheels ,1:20 scale,Remo...",₹853,3.5,"-17,267"
331,frendo High Speed Mini 1:24 Scale Rechargeable Remote c...,₹699,3.8,"-1,147"
332,Toys World 3D Fast Steering Remote Car,₹260,3.4,"-18,693"
333,TOYS TREK Remote Control Sports Racing Car,₹279,N/A,N/A
334,Xcillince Toys RC Car Chargable| Fun RC Toy and Gift fo...,₹447,3.4,"-1,340"
335,"CADDLE & TOES Rock Car , Spring wheels ,1:20 scale,Remo...",₹851,3.5,"-17,267"
336,frendo HI SPEED RC CAR LAM Black,₹949,4.1,-19
337,Delta Enterprises Remote Control Car,₹873,N/A,N/A
338,ctm toys Tesla Cybertruck High Speed RC 2.4GHz Long Bat...,₹884,N/A,N/A
339,magic toys High-Speed 4WD Spray RC Car - Remote Control...,"₹1,670",4,-64
340,"CADDLE & TOES Rock Car , Spring wheels ,1:20 scale,Remo...",₹853,3.5,"-17,267"
341,CADDLE & TOES New High Speed Sports Car With Rechargeab...,₹377,3.5,-550
342,frendo Off Roader Rechargeable Remote Control Monster T...,"₹1,099",4.1,"-4,105"
343,Toyco Rechargeable Famous Remote Control Car with Smoke...,₹387,3.6,"-1,840"
344,CADDLE & TOES Famous Car Remote Control 3D with LED Lig...,₹536,3.5,"-52,302"
345,Toyco Rechargeable Famous Remote Control Car with Smoke...,₹387,3.6,"-1,840"
346,Wembley Rechargeable Adventure Jeep Off Roader All-Terr...,"₹1,102",4,-752
347,frendo Off Roader Monster Truck Black,"₹1,249",N/A,N/A
348,frendo High Speed 1:24 Rechargeable C type charging Min...,₹644,3.7,-214
349,Aavkar creation Off Roader Back Car 4x4 With Mist Smoke...,"₹1,337",3.3,-91
350,Xcillince Toys xt_Wireless Remote Control Fast Modern C...,₹267,N/A,N/A
351,frendo High Speed 1:24 Scale Rechargeable Remote Car fo...,₹699,3.8,"-2,468"
352,Just97 Rechargeable Farrari Style Remote Control Car Wi...,₹818,N/A,N/A
353,Buddynjoy 3D lighting kids high speed rechargeable remo...,₹386,3.6,"-15,021"
354,Webby Remote Controlled Doors,₹816,3.9,-362
355,CADDLE & TOES Famous Car Remote Control 3D with LED Lig...,₹411,3.5,"-52,302"
356,"Royaldeals 1/16 Rc Drift Car Rc Cars, 2.4Ghz 4Wd High S...","₹3,254",N/A,N/A
357,VikriDa Remote Control car with Mist Smoke Spray Functi...,"₹1,040",3.6,-266
358,Aavkar creation Hand Gesture Sensor RC Stunt Car Double...,"₹1,697",3.6,-203
359,Goyal's Remote Control RC Stunt Car Vehicle 360° Rotati...,₹330,3.6,-599
360,frendo Off Roader Rechargeable Remote Control Monster T...,"₹1,099",4.1,"-4,105"
361,CADDLE & TOES Famous Car Remote Control 3D with LED Lig...,₹421,3.5,"-52,302"
362,CADDLE & TOES Famous Car Remote Control 3D Car with LED...,₹411,3.4,"-10,953"
363,SJVJ R/c stunt car defender,"₹1,211",3.7,-12
364,Buddynjoy 3D lighting kids high speed rechargeable remo...,₹396,3.6,"-15,021"
365,Miss & Chief 3D LED Lighting | high speed rechargeable ...,₹286,3.5,"-2,140"
366,CADDLE & TOES Remote Controlled Rock Crawler RC Monster...,₹705,3.5,"-19,765"
367,frendo Off Roader Rechargeable Remote Control Monster T...,"₹1,437",4.1,"-4,105"
368,Amayra Toy Car like Ferrari With open And Closed Doors ...,₹755,3.6,"-5,779"
369,VikriDa 2.4G 1:20 RC Car Stunt Spray Car with Light Bat...,₹748,3.6,-310
370,CADDLE & TOES Famous Car Remote Control 3D with LED Lig...,₹536,3.5,"-52,302"
371,frendo High Speed Mini 1:24 Scale Rechargeable Remote c...,₹699,3.8,-121
372,frendo High Speed Mini 1:24 Scale Rechargeable Remote c...,₹699,3.8,"-1,147"
373,KidsBug Remote Controlled Rock Crawler RC Monster Truck...,₹838,3.5,-208
374,Aavkar creation Big Rock Crawler Car 4x4 for Boys&Girls...,₹789,3.4,-15
375,ZUNBELLA 2in1 Automatic Convertible Transforming Robot ...,₹390,3.9,"-13,379"
376,TOIGEN Formula 1 Remote Control Racing car,₹953,3.4,-281
377,frendo HI SPEED RC CAR BUG Black Matt,₹949,3.3,-7
378,VikriDa Formula 1 smoke car-RE_Acq,₹959,3.6,-182
379,"VikriDa Gesture Sensing Stunt Rc Cars, 8Wd Rechargeable...","₹1,974",3.6,-311
380,frendo High Speed 1:24 Scale Rechargeable Remote Car fo...,₹524,3.8,"-2,468"
381,VikriDa Remote Control Extreme Drift Stunt Car for Kids...,"₹1,285",4.3,-19
382,Wembley Monster Truck Rechargeable Remote Control Car O...,"₹1,115",3.8,-78
383,frendo HI SPEED RC CAR LAM Black,₹949,4.1,-19
384,"ENGINEDIGITAL 4WD RC Drift Car with LED Lights, 30km/h ...","₹4,369",N/A,N/A
385,Wembley High Speed Mini 1:24 Scale Rechargeable Remote ...,₹544,3.8,"-17,550"
386,frendo Off Roader Rechargeable Remote Control Monster T...,"₹1,099",4,-933
387,frendo High Speed 1:24 Scale Rechargeable Remote Car fo...,₹729,3.8,"-2,468"
388,CADDLE & TOES Famous Car Remote Control 3D with LED Lig...,₹363,3.5,"-52,302"
389,frendo High Speed 1:24 Rechargeable C type charging Min...,₹699,3.7,-898
390,frendo High Speed 1:24 Scale Rechargeable Remote Car fo...,₹699,3.8,"-2,468"
391,frendo Off Roader Rechargeable Remote Control Monster T...,"₹1,099",4.1,"-4,105"
392,CADDLE & TOES Famous Car Remote Control 3D with LED Lig...,₹461,3.5,"-52,302"
393,UB Toys UB Toys Rechargeable 360 Remote Control Stunt C...,₹595,3.6,-409
394,Buddynjoy 3D lighting kids high speed rechargeable remo...,₹386,3.6,"-15,021"
395,frendo Off Roader Rechargeable Remote Control Monster T...,"₹1,099",4.1,"-4,105"
396,BACHCHARIDE Vande Bharat Express Toy Train –Model 105 B...,₹267,N/A,N/A
397,frendo High Speed 1:24 Scale Rechargeable Remote Car fo...,₹599,3.8,"-2,468"
398,"SHAILRON High-Speed RC Stunt Car, Finger Gesture Contro...","₹1,740",3.6,-7
399,APJ enterprise Remote Controlled Spray Racing Sports Ca...,"₹1,986",N/A,N/A
400,frendo High Speed 1:24 Scale Rechargeable Remote Car fo...,₹399,3.8,"-2,468"
401,CADDLE & TOES Famous Car Remote Control 3D with LED Lig...,₹310,3.5,"-52,302"
402,"CADDLE & TOES Rock Car , Spring wheels ,1:20 scale,Remo...",₹649,3.5,"-17,267"
403,WISHKEY Remote Control Super High Speed Racing Car With...,₹499,3.7,"-34,747"
404,Buddynjoy 3D lighting kids high speed rechargeable remo...,₹313,3.6,"-15,021"
405,frendo Off Roader Rechargeable Remote Control Monster T...,"₹1,099",4.1,"-4,105"
406,CADDLE & TOES Famous Car Remote Control 3D with LED Lig...,₹279,3.5,"-52,302"
407,GOODTIMES TOYS RC Car – Rechargeable Remote Control Rac...,₹279,N/A,N/A
408,fenterprises Remote Control Stunt Car 360° Rotation Mul...,₹445,3.9,"-3,718"
409,Xcillince Toys 4 Channel Remote control RC sports SUV F...,₹430,3.5,"-1,881"
410,"CADDLE & TOES Rock Car , Spring wheels ,1:20 scale,Remo...",₹853,3.5,"-17,267"
411,frendo High Speed Mini 1:24 Scale Rechargeable Remote c...,₹699,3.8,"-1,147"
412,Toys World 3D Fast Steering Remote Car,₹260,3.4,"-18,693"
413,TOYS TREK Remote Control Sports Racing Car,₹279,N/A,N/A
414,Xcillince Toys RC Car Chargable| Fun RC Toy and Gift fo...,₹447,3.4,"-1,340"
415,"CADDLE & TOES Rock Car , Spring wheels ,1:20 scale,Remo...",₹851,3.5,"-17,267"
416,frendo HI SPEED RC CAR LAM Black,₹949,4.1,-19
417,Delta Enterprises Remote Control Car,₹873,N/A,N/A
418,ctm toys Tesla Cybertruck High Speed RC 2.4GHz Long Bat...,₹884,N/A,N/A
419,magic toys High-Speed 4WD Spray RC Car - Remote Control...,"₹1,670",4,-64
420,"CADDLE & TOES Rock Car , Spring wheels ,1:20 scale,Remo...",₹853,3.5,"-17,267"
421,CADDLE & TOES New High Speed Sports Car With Rechargeab...,₹377,3.5,-550
422,frendo Off Roader Rechargeable Remote Control Monster T...,"₹1,099",4.1,"-4,105"
423,Toyco Rechargeable Famous Remote Control Car with Smoke...,₹387,3.6,"-1,840"
424,CADDLE & TOES Famous Car Remote Control 3D with LED Lig...,₹536,3.5,"-52,302"
425,Toyco Rechargeable Famous Remote Control Car with Smoke...,₹387,3.6,"-1,840"
426,Wembley Rechargeable Adventure Jeep Off Roader All-Terr...,"₹1,102",4,-752
427,frendo Off Roader Monster Truck Black,"₹1,249",N/A,N/A
428,frendo High Speed 1:24 Rechargeable C type charging Min...,₹644,3.7,-214
429,Aavkar creation Off Roader Back Car 4x4 With Mist Smoke...,"₹1,337",3.3,-91
430,Xcillince Toys xt_Wireless Remote Control Fast Modern C...,₹267,N/A,N/A
431,frendo High Speed 1:24 Scale Rechargeable Remote Car fo...,₹699,3.8,"-2,468"
432,Just97 Rechargeable Farrari Style Remote Control Car Wi...,₹818,N/A,N/A
433,Buddynjoy 3D lighting kids high speed rechargeable remo...,₹386,3.6,"-15,021"
434,Webby Remote Controlled Doors,₹816,3.9,-362
435,CADDLE & TOES Famous Car Remote Control 3D with LED Lig...,₹411,3.5,"-52,302"
436,"Royaldeals 1/16 Rc Drift Car Rc Cars, 2.4Ghz 4Wd High S...","₹3,254",N/A,N/A
437,VikriDa Remote Control car with Mist Smoke Spray Functi...,"₹1,040",3.6,-266
438,Aavkar creation Hand Gesture Sensor RC Stunt Car Double...,"₹1,697",3.6,-203
439,Goyal's Remote Control RC Stunt Car Vehicle 360° Rotati...,₹330,3.6,-599
440,frendo Off Roader Rechargeable Remote Control Monster T...,"₹1,099",4.1,"-4,105"
441,CADDLE & TOES Famous Car Remote Control 3D with LED Lig...,₹421,3.5,"-52,302"
442,CADDLE & TOES Famous Car Remote Control 3D Car with LED...,₹411,3.4,"-10,953"
443,SJVJ R/c stunt car defender,"₹1,211",3.7,-12
444,Buddynjoy 3D lighting kids high speed rechargeable remo...,₹396,3.6,"-15,021"
445,Miss & Chief 3D LED Lighting | high speed rechargeable ...,₹286,3.5,"-2,140"
446,CADDLE & TOES Remote Controlled Rock Crawler RC Monster...,₹705,3.5,"-19,765"
447,frendo Off Roader Rechargeable Remote Control Monster T...,"₹1,437",4.1,"-4,105"
448,Amayra Toy Car like Ferrari With open And Closed Doors ...,₹755,3.6,"-5,779"
449,VikriDa 2.4G 1:20 RC Car Stunt Spray Car with Light Bat...,₹748,3.6,-310
450,CADDLE & TOES Famous Car Remote Control 3D with LED Lig...,₹536,3.5,"-52,302"
451,frendo High Speed Mini 1:24 Scale Rechargeable Remote c...,₹699,3.8,-121
452,frendo High Speed Mini 1:24 Scale Rechargeable Remote c...,₹699,3.8,"-1,147"
453,KidsBug Remote Controlled Rock Crawler RC Monster Truck...,₹838,3.5,-208
454,Aavkar creation Big Rock Crawler Car 4x4 for Boys&Girls...,₹789,3.4,-15
455,ZUNBELLA 2in1 Automatic Convertible Transforming Robot ...,₹390,3.9,"-13,379"
456,TOIGEN Formula 1 Remote Control Racing car,₹953,3.4,-281
457,frendo HI SPEED RC CAR BUG Black Matt,₹949,3.3,-7
458,VikriDa Formula 1 smoke car-RE_Acq,₹959,3.6,-182
459,"VikriDa Gesture Sensing Stunt Rc Cars, 8Wd Rechargeable...","₹1,974",3.6,-311
460,frendo High Speed 1:24 Scale Rechargeable Remote Car fo...,₹524,3.8,"-2,468"
461,VikriDa Remote Control Extreme Drift Stunt Car for Kids...,"₹1,285",4.3,-19
462,Wembley Monster Truck Rechargeable Remote Control Car O...,"₹1,115",3.8,-78
463,frendo HI SPEED RC CAR LAM Black,₹949,4.1,-19
464,"ENGINEDIGITAL 4WD RC Drift Car with LED Lights, 30km/h ...","₹4,369",N/A,N/A
465,Wembley High Speed Mini 1:24 Scale Rechargeable Remote ...,₹544,3.8,"-17,550"
466,frendo Off Roader Rechargeable Remote Control Monster T...,"₹1,099",4,-933
467,frendo High Speed 1:24 Scale Rechargeable Remote Car fo...,₹729,3.8,"-2,468"
468,CADDLE & TOES Famous Car Remote Control 3D with LED Lig...,₹363,3.5,"-52,302"
469,frendo High Speed 1:24 Rechargeable C type charging Min...,₹699,3.7,-898
470,frendo High Speed 1:24 Scale Rechargeable Remote Car fo...,₹699,3.8,"-2,468"
471,frendo Off Roader Rechargeable Remote Control Monster T...,"₹1,099",4.1,"-4,105"
472,CADDLE & TOES Famous Car Remote Control 3D with LED Lig...,₹461,3.5,"-52,302"
473,UB Toys UB Toys Rechargeable 360 Remote Control Stunt C...,₹595,3.6,-409
474,Buddynjoy 3D lighting kids high speed rechargeable remo...,₹386,3.6,"-15,021"
475,frendo Off Roader Rechargeable Remote Control Monster T...,"₹1,099",4.1,"-4,105"
476,BACHCHARIDE Vande Bharat Express Toy Train –Model 105 B...,₹267,N/A,N/A
477,frendo High Speed 1:24 Scale Rechargeable Remote Car fo...,₹599,3.8,"-2,468"
478,"SHAILRON High-Speed RC Stunt Car, Finger Gesture Contro...","₹1,740",3.6,-7
479,APJ enterprise Remote Controlled Spray Racing Sports Ca...,"₹1,986",N/A,N/A
480,frendo High Speed 1:24 Scale Rechargeable Remote Car fo...,₹399,3.8,"-2,468"
481,CADDLE & TOES Famous Car Remote Control 3D with LED Lig...,₹310,3.5,"-52,302"
482,"CADDLE & TOES Rock Car , Spring wheels ,1:20 scale,Remo...",₹649,3.5,"-17,267"
483,WISHKEY Remote Control Super High Speed Racing Car With...,₹499,3.7,"-34,747"
484,Buddynjoy 3D lighting kids high speed rechargeable remo...,₹313,3.6,"-15,021"
485,frendo Off Roader Rechargeable Remote Control Monster T...,"₹1,099",4.1,"-4,105"
486,CADDLE & TOES Famous Car Remote Control 3D with LED Lig...,₹279,3.5,"-52,302"
487,GOODTIMES TOYS RC Car – Rechargeable Remote Control Rac...,₹279,N/A,N/A
488,fenterprises Remote Control Stunt Car 360° Rotation Mul...,₹445,3.9,"-3,718"
489,Xcillince Toys 4 Channel Remote control RC sports SUV F...,₹430,3.5,"-1,881"
490,"CADDLE & TOES Rock Car , Spring wheels ,1:20 scale,Remo...",₹853,3.5,"-17,267"
491,frendo High Speed Mini 1:24 Scale Rechargeable Remote c...,₹699,3.8,"-1,147"
492,Toys World 3D Fast Steering Remote Car,₹260,3.4,"-18,693"
493,TOYS TREK Remote Control Sports Racing Car,₹279,N/A,N/A
494,Xcillince Toys RC Car Chargable| Fun RC Toy and Gift fo...,₹447,3.4,"-1,340"
495,"CADDLE & TOES Rock Car , Spring wheels ,1:20 scale,Remo...",₹851,3.5,"-17,267"
496,frendo HI SPEED RC CAR LAM Black,₹949,4.1,-19
497,Delta Enterprises Remote Control Car,₹873,N/A,N/A
498,ctm toys Tesla Cybertruck High Speed RC 2.4GHz Long Bat...,₹884,N/A,N/A
499,magic toys High-Speed 4WD Spray RC Car - Remote Control...,"₹1,670",4,-64
500,"CADDLE & TOES Rock Car , Spring wheels ,1:20 scale,Remo...",₹853,3.5,"-17,267"
501,CADDLE & TOES New High Speed Sports Car With Rechargeab...,₹377,3.5,-550
502,frendo Off Roader Rechargeable Remote Control Monster T...,"₹1,099",4.1,"-4,105"
503,Toyco Rechargeable Famous Remote Control Car with Smoke...,₹387,3.6,"-1,840"
504,CADDLE & TOES Famous Car Remote Control 3D with LED Lig...,₹536,3.5,"-52,302"
505,Toyco Rechargeable Famous Remote Control Car with Smoke...,₹387,3.6,"-1,840"
506,Wembley Rechargeable Adventure Jeep Off Roader All-Terr...,"₹1,102",4,-752
507,frendo Off Roader Monster Truck Black,"₹1,249",N/A,N/A
508,frendo High Speed 1:24 Rechargeable C type charging Min...,₹644,3.7,-214
509,Aavkar creation Off Roader Back Car 4x4 With Mist Smoke...,"₹1,337",3.3,-91
510,Xcillince Toys xt_Wireless Remote Control Fast Modern C...,₹267,N/A,N/A
511,frendo High Speed 1:24 Scale Rechargeable Remote Car fo...,₹699,3.8,"-2,468"
512,Just97 Rechargeable Farrari Style Remote Control Car Wi...,₹818,N/A,N/A
513,Buddynjoy 3D lighting kids high speed rechargeable remo...,₹386,3.6,"-15,021"
514,Webby Remote Controlled Doors,₹816,3.9,-362
515,CADDLE & TOES Famous Car Remote Control 3D with LED Lig...,₹411,3.5,"-52,302"
516,"Royaldeals 1/16 Rc Drift Car Rc Cars, 2.4Ghz 4Wd High S...","₹3,254",N/A,N/A
517,VikriDa Remote Control car with Mist Smoke Spray Functi...,"₹1,040",3.6,-266
518,Aavkar creation Hand Gesture Sensor RC Stunt Car Double...,"₹1,697",3.6,-203
519,Goyal's Remote Control RC Stunt Car Vehicle 360° Rotati...,₹330,3.6,-599
520,frendo Off Roader Rechargeable Remote Control Monster T...,"₹1,099",4.1,"-4,105"
521,CADDLE & TOES Famous Car Remote Control 3D with LED Lig...,₹421,3.5,"-52,302"
522,CADDLE & TOES Famous Car Remote Control 3D Car with LED...,₹411,3.4,"-10,953"
523,SJVJ R/c stunt car defender,"₹1,211",3.7,-12
524,Buddynjoy 3D lighting kids high speed rechargeable remo...,₹396,3.6,"-15,021"
525,Miss & Chief 3D LED Lighting | high speed rechargeable ...,₹286,3.5,"-2,140"
526,frendo Off Roader Rechargeable Remote Control Monster T...,"₹1,437",4.1,"-4,105"
527,CADDLE & TOES Remote Controlled Rock Crawler RC Monster...,₹705,3.5,"-19,765"
528,Amayra Toy Car like Ferrari With open And Closed Doors ...,₹755,3.6,"-5,779"
529,VikriDa 2.4G 1:20 RC Car Stunt Spray Car with Light Bat...,₹748,3.6,-310
530,frendo High Speed Mini 1:24 Scale Rechargeable Remote c...,₹699,3.8,-121
531,CADDLE & TOES Famous Car Remote Control 3D with LED Lig...,₹536,3.5,"-52,302"
532,frendo High Speed Mini 1:24 Scale Rechargeable Remote c...,₹699,3.8,"-1,147"
533,KidsBug Remote Controlled Rock Crawler RC Monster Truck...,₹838,3.5,-208
534,Aavkar creation Big Rock Crawler Car 4x4 for Boys&Girls...,₹789,3.4,-15
535,ZUNBELLA 2in1 Automatic Convertible Transforming Robot ...,₹390,3.9,"-13,379"
536,TOIGEN Formula 1 Remote Control Racing car,₹953,3.4,-281
537,frendo HI SPEED RC CAR BUG Black Matt,₹949,3.3,-7
538,VikriDa Formula 1 smoke car-RE_Acq,₹959,3.6,-182
539,"VikriDa Gesture Sensing Stunt Rc Cars, 8Wd Rechargeable...","₹1,974",3.6,-311
540,frendo High Speed 1:24 Scale Rechargeable Remote Car fo...,₹524,3.8,"-2,468"
541,VikriDa Remote Control Extreme Drift Stunt Car for Kids...,"₹1,285",4.3,-19
542,Wembley Monster Truck Rechargeable Remote Control Car O...,"₹1,115",3.8,-78
543,frendo HI SPEED RC CAR LAM Black,₹949,4.1,-19
544,"ENGINEDIGITAL 4WD RC Drift Car with LED Lights, 30km/h ...","₹4,369",N/A,N/A
545,Wembley High Speed Mini 1:24 Scale Rechargeable Remote ...,₹544,3.8,"-17,550"
546,frendo Off Roader Rechargeable Remote Control Monster T...,"₹1,099",4,-933
547,frendo High Speed 1:24 Scale Rechargeable Remote Car fo...,₹729,3.8,"-2,468"
548,CADDLE & TOES Famous Car Remote Control 3D with LED Lig...,₹363,3.5,"-52,302"
549,frendo High Speed 1:24 Rechargeable C type charging Min...,₹699,3.7,-898
550,frendo High Speed 1:24 Scale Rechargeable Remote Car fo...,₹699,3.8,"-2,468"
551,frendo Off Roader Rechargeable Remote Control Monster T...,"₹1,099",4.1,"-4,105"
552,CADDLE & TOES Famous Car Remote Control 3D with LED Lig...,₹461,3.5,"-52,302"
553,UB Toys UB Toys Rechargeable 360 Remote Control Stunt C...,₹595,3.6,-409
554,Buddynjoy 3D lighting kids high speed rechargeable remo...,₹386,3.6,"-15,021"
555,frendo Off Roader Rechargeable Remote Control Monster T...,"₹1,099",4.1,"-4,105"
556,frendo High Speed 1:24 Scale Rechargeable Remote Car fo...,₹599,3.8,"-2,468"
557,frendo Off Roader Monster Truck Silver,"₹1,299",4.3,-7
558,"SHAILRON High-Speed RC Stunt Car, Finger Gesture Contro...","₹1,740",3.6,-7
559,APJ enterprise Remote Controlled Spray Racing Sports Ca...,"₹1,986",N/A,N/A
560,frendo High Speed 1:24 Scale Rechargeable Remote Car fo...,₹399,3.8,"-2,468"
561,CADDLE & TOES Famous Car Remote Control 3D with LED Lig...,₹310,3.5,"-52,302"
562,"CADDLE & TOES Rock Car , Spring wheels ,1:20 scale,Remo...",₹649,3.5,"-17,267"
563,WISHKEY Remote Control Super High Speed Racing Car With...,₹499,3.7,"-34,747"
564,Buddynjoy 3D lighting kids high speed rechargeable remo...,₹313,3.6,"-15,021"
565,frendo Off Roader Rechargeable Remote Control Monster T...,"₹1,099",4.1,"-4,105"
566,CADDLE & TOES Famous Car Remote Control 3D with LED Lig...,₹279,3.5,"-52,302"
567,GOODTIMES TOYS RC Car – Rechargeable Remote Control Rac...,₹279,N/A,N/A
568,fenterprises Remote Control Stunt Car 360° Rotation Mul...,₹445,3.9,"-3,718"
569,Xcillince Toys 4 Channel Remote control RC sports SUV F...,₹430,3.5,"-1,881"
570,"CADDLE & TOES Rock Car , Spring wheels ,1:20 scale,Remo...",₹853,3.5,"-17,267"
571,frendo High Speed Mini 1:24 Scale Rechargeable Remote c...,₹699,3.8,"-1,147"
572,Toys World 3D Fast Steering Remote Car,₹260,3.4,"-18,693"
573,TOYS TREK Remote Control Sports Racing Car,₹279,N/A,N/A
574,Xcillince Toys RC Car Chargable| Fun RC Toy and Gift fo...,₹447,3.4,"-1,340"
575,"CADDLE & TOES Rock Car , Spring wheels ,1:20 scale,Remo...",₹851,3.5,"-17,267"
576,frendo HI SPEED RC CAR LAM Black,₹949,4.1,-19
577,Delta Enterprises Remote Control Car,₹873,N/A,N/A
578,ctm toys Tesla Cybertruck High Speed RC 2.4GHz Long Bat...,₹884,N/A,N/A
579,magic toys High-Speed 4WD Spray RC Car - Remote Control...,"₹1,670",4,-64
580,"CADDLE & TOES Rock Car , Spring wheels ,1:20 scale,Remo...",₹853,3.5,"-17,267"
581,CADDLE & TOES New High Speed Sports Car With Rechargeab...,₹377,3.5,-550
582,frendo Off Roader Rechargeable Remote Control Monster T...,"₹1,099",4.1,"-4,105"
583,Toyco Rechargeable Famous Remote Control Car with Smoke...,₹387,3.6,"-1,840"
584,CADDLE & TOES Famous Car Remote Control 3D with LED Lig...,₹536,3.5,"-52,302"
585,Toyco Rechargeable Famous Remote Control Car with Smoke...,₹387,3.6,"-1,840"
586,Wembley Rechargeable Adventure Jeep Off Roader All-Terr...,"₹1,102",4,-752
587,frendo Off Roader Monster Truck Black,"₹1,249",N/A,N/A
588,frendo High Speed 1:24 Rechargeable C type charging Min...,₹644,3.7,-214
589,Aavkar creation Off Roader Back Car 4x4 With Mist Smoke...,"₹1,337",3.3,-91
590,Xcillince Toys xt_Wireless Remote Control Fast Modern C...,₹267,N/A,N/A
591,frendo High Speed 1:24 Scale Rechargeable Remote Car fo...,₹699,3.8,"-2,468"
592,Just97 Rechargeable Farrari Style Remote Control Car Wi...,₹818,N/A,N/A
593,Buddynjoy 3D lighting kids high speed rechargeable remo...,₹386,3.6,"-15,021"
594,Webby Remote Controlled Doors,₹816,3.9,-362
595,CADDLE & TOES Famous Car Remote Control 3D with LED Lig...,₹411,3.5,"-52,302"
596,"Royaldeals 1/16 Rc Drift Car Rc Cars, 2.4Ghz 4Wd High S...","₹3,254",N/A,N/A
597,VikriDa Remote Control car with Mist Smoke Spray Functi...,"₹1,040",3.6,-266
598,Aavkar creation Hand Gesture Sensor RC Stunt Car Double...,"₹1,697",3.6,-203
599,Goyal's Remote Control RC Stunt Car Vehicle 360° Rotati...,₹330,3.6,-599
600,frendo Off Roader Rechargeable Remote Control Monster T...,"₹1,099",4.1,"-4,105"
601,CADDLE & TOES Famous Car Remote Control 3D with LED Lig...,₹421,3.5,"-52,302"
602,CADDLE & TOES Famous Car Remote Control 3D Car with LED...,₹411,3.4,"-10,953"
603,SJVJ R/c stunt car defender,"₹1,211",3.7,-12
604,Buddynjoy 3D lighting kids high speed rechargeable remo...,₹396,3.6,"-15,021"
605,Miss & Chief 3D LED Lighting | high speed rechargeable ...,₹286,3.5,"-2,140"
606,CADDLE & TOES Remote Controlled Rock Crawler RC Monster...,₹705,3.5,"-19,765"
607,frendo Off Roader Rechargeable Remote Control Monster T...,"₹1,437",4.1,"-4,105"
608,Amayra Toy Car like Ferrari With open And Closed Doors ...,₹755,3.6,"-5,779"
609,VikriDa 2.4G 1:20 RC Car Stunt Spray Car with Light Bat...,₹748,3.6,-310
610,CADDLE & TOES Famous Car Remote Control 3D with LED Lig...,₹536,3.5,"-52,302"
611,frendo High Speed Mini 1:24 Scale Rechargeable Remote c...,₹699,3.8,-121
612,frendo High Speed Mini 1:24 Scale Rechargeable Remote c...,₹699,3.8,"-1,147"
613,KidsBug Remote Controlled Rock Crawler RC Monster Truck...,₹838,3.5,-208
614,Aavkar creation Big Rock Crawler Car 4x4 for Boys&Girls...,₹789,3.4,-15
615,ZUNBELLA 2in1 Automatic Convertible Transforming Robot ...,₹390,3.9,"-13,379"
616,TOIGEN Formula 1 Remote Control Racing car,₹953,3.4,-281
617,frendo HI SPEED RC CAR BUG Black Matt,₹949,3.3,-7
618,VikriDa Formula 1 smoke car-RE_Acq,₹959,3.6,-182
619,"VikriDa Gesture Sensing Stunt Rc Cars, 8Wd Rechargeable...","₹1,974",3.6,-311
620,frendo High Speed 1:24 Scale Rechargeable Remote Car fo...,₹524,3.8,"-2,468"
621,VikriDa Remote Control Extreme Drift Stunt Car for Kids...,"₹1,285",4.3,-19
622,Wembley Monster Truck Rechargeable Remote Control Car O...,"₹1,115",3.8,-78
623,frendo HI SPEED RC CAR LAM Black,₹949,4.1,-19
624,"ENGINEDIGITAL 4WD RC Drift Car with LED Lights, 30km/h ...","₹4,369",N/A,N/A
625,Wembley High Speed Mini 1:24 Scale Rechargeable Remote ...,₹544,3.8,"-17,550"
626,frendo Off Roader Rechargeable Remote Control Monster T...,"₹1,099",4,-933
627,frendo High Speed 1:24 Scale Rechargeable Remote Car fo...,₹729,3.8,"-2,468"
628,CADDLE & TOES Famous Car Remote Control 3D with LED Lig...,₹363,3.5,"-52,302"
629,frendo High Speed 1:24 Rechargeable C type charging Min...,₹699,3.7,-898
630,frendo High Speed 1:24 Scale Rechargeable Remote Car fo...,₹699,3.8,"-2,468"
631,frendo Off Roader Rechargeable Remote Control Monster T...,"₹1,099",4.1,"-4,105"
632,CADDLE & TOES Famous Car Remote Control 3D with LED Lig...,₹461,3.5,"-52,302"
633,UB Toys UB Toys Rechargeable 360 Remote Control Stunt C...,₹595,3.6,-409
634,Buddynjoy 3D lighting kids high speed rechargeable remo...,₹386,3.6,"-15,021"
635,frendo Off Roader Rechargeable Remote Control Monster T...,"₹1,099",4.1,"-4,105"
636,BACHCHARIDE Vande Bharat Express Toy Train –Model 105 B...,₹267,N/A,N/A
637,frendo High Speed 1:24 Scale Rechargeable Remote Car fo...,₹599,3.8,"-2,468"
638,"SHAILRON High-Speed RC Stunt Car, Finger Gesture Contro...","₹1,740",3.6,-7
639,APJ enterprise Remote Controlled Spray Racing Sports Ca...,"₹1,986",N/A,N/A
640,frendo High Speed 1:24 Scale Rechargeable Remote Car fo...,₹399,3.8,"-2,468"
641,CADDLE & TOES Famous Car Remote Control 3D with LED Lig...,₹310,3.5,"-52,302"
642,"CADDLE & TOES Rock Car , Spring wheels ,1:20 scale,Remo...",₹649,3.5,"-17,267"
643,WISHKEY Remote Control Super High Speed Racing Car With...,₹499,3.7,"-34,747"
644,Buddynjoy 3D lighting kids high speed rechargeable remo...,₹313,3.6,"-15,021"
645,frendo Off Roader Rechargeable Remote Control Monster T...,"₹1,099",4.1,"-4,105"
646,CADDLE & TOES Famous Car Remote Control 3D with LED Lig...,₹279,3.5,"-52,302"
647,GOODTIMES TOYS RC Car – Rechargeable Remote Control Rac...,₹279,N/A,N/A
648,fenterprises Remote Control Stunt Car 360° Rotation Mul...,₹445,3.9,"-3,718"
649,Xcillince Toys 4 Channel Remote control RC sports SUV F...,₹430,3.5,"-1,881"
650,"CADDLE & TOES Rock Car , Spring wheels ,1:20 scale,Remo...",₹853,3.5,"-17,267"
651,frendo High Speed Mini 1:24 Scale Rechargeable Remote c...,₹699,3.8,"-1,147"
652,Toys World 3D Fast Steering Remote Car,₹260,3.4,"-18,693"
653,TOYS TREK Remote Control Sports Racing Car,₹279,N/A,N/A
654,Xcillince Toys RC Car Chargable| Fun RC Toy and Gift fo...,₹447,3.4,"-1,340"
655,"CADDLE & TOES Rock Car , Spring wheels ,1:20 scale,Remo...",₹851,3.5,"-17,267"
656,frendo HI SPEED RC CAR LAM Black,₹949,4.1,-19
657,Delta Enterprises Remote Control Car,₹873,N/A,N/A
658,ctm toys Tesla Cybertruck High Speed RC 2.4GHz Long Bat...,₹884,N/A,N/A
659,magic toys High-Speed 4WD Spray RC Car - Remote Control...,"₹1,670",4,-64
660,"CADDLE & TOES Rock Car , Spring wheels ,1:20 scale,Remo...",₹853,3.5,"-17,267"
661,CADDLE & TOES New High Speed Sports Car With Rechargeab...,₹377,3.5,-550
662,frendo Off Roader Rechargeable Remote Control Monster T...,"₹1,099",4.1,"-4,105"
663,Toyco Rechargeable Famous Remote Control Car with Smoke...,₹387,3.6,"-1,840"
664,CADDLE & TOES Famous Car Remote Control 3D with LED Lig...,₹536,3.5,"-52,302"
665,Toyco Rechargeable Famous Remote Control Car with Smoke...,₹387,3.6,"-1,840"
666,Wembley Rechargeable Adventure Jeep Off Roader All-Terr...,"₹1,102",4,-752
667,frendo Off Roader Monster Truck Black,"₹1,249",N/A,N/A
668,frendo High Speed 1:24 Rechargeable C type charging Min...,₹644,3.7,-214
669,Aavkar creation Off Roader Back Car 4x4 With Mist Smoke...,"₹1,337",3.3,-91
670,Xcillince Toys xt_Wireless Remote Control Fast Modern C...,₹267,N/A,N/A
671,frendo High Speed 1:24 Scale Rechargeable Remote Car fo...,₹699,3.8,"-2,468"
672,Just97 Rechargeable Farrari Style Remote Control Car Wi...,₹818,N/A,N/A
673,Buddynjoy 3D lighting kids high speed rechargeable remo...,₹386,3.6,"-15,021"
674,Webby Remote Controlled Doors,₹816,3.9,-362
675,CADDLE & TOES Famous Car Remote Control 3D with LED Lig...,₹411,3.5,"-52,302"
676,"Royaldeals 1/16 Rc Drift Car Rc Cars, 2.4Ghz 4Wd High S...","₹3,254",N/A,N/A
677,VikriDa Remote Control car with Mist Smoke Spray Functi...,"₹1,040",3.6,-266
678,Aavkar creation Hand Gesture Sensor RC Stunt Car Double...,"₹1,697",3.6,-203
679,Goyal's Remote Control RC Stunt Car Vehicle 360° Rotati...,₹330,3.6,-599
680,frendo Off Roader Rechargeable Remote Control Monster T...,"₹1,099",4.1,"-4,105"
681,CADDLE & TOES Famous Car Remote Control 3D with LED Lig...,₹421,3.5,"-52,302"
682,CADDLE & TOES Famous Car Remote Control 3D Car with LED...,₹411,3.4,"-10,953"
683,SJVJ R/c stunt car defender,"₹1,211",3.7,-12
684,Buddynjoy 3D lighting kids high speed rechargeable remo...,₹396,3.6,"-15,021"
685,Miss & Chief 3D LED Lighting | high speed rechargeable ...,₹286,3.5,"-2,140"
686,CADDLE & TOES Remote Controlled Rock Crawler RC Monster...,₹705,3.5,"-19,765"
687,frendo Off Roader Rechargeable Remote Control Monster T...,"₹1,437",4.1,"-4,105"
688,Amayra Toy Car like Ferrari With open And Closed Doors ...,₹755,3.6,"-5,779"
689,VikriDa 2.4G 1:20 RC Car Stunt Spray Car with Light Bat...,₹748,3.6,-310
690,CADDLE & TOES Famous Car Remote Control 3D with LED Lig...,₹536,3.5,"-52,302"
691,frendo High Speed Mini 1:24 Scale Rechargeable Remote c...,₹699,3.8,-121
692,frendo High Speed Mini 1:24 Scale Rechargeable Remote c...,₹699,3.8,"-1,147"
693,KidsBug Remote Controlled Rock Crawler RC Monster Truck...,₹838,3.5,-208
694,Aavkar creation Big Rock Crawler Car 4x4 for Boys&Girls...,₹789,3.4,-15
695,ZUNBELLA 2in1 Automatic Convertible Transforming Robot ...,₹390,3.9,"-13,379"
696,TOIGEN Formula 1 Remote Control Racing car,₹953,3.4,-281
697,frendo HI SPEED RC CAR BUG Black Matt,₹949,3.3,-7
698,VikriDa Formula 1 smoke car-RE_Acq,₹959,3.6,-182
699,"VikriDa Gesture Sensing Stunt Rc Cars, 8Wd Rechargeable...","₹1,974",3.6,-311
700,frendo High Speed 1:24 Scale Rechargeable Remote Car fo...,₹524,3.8,"-2,468"
701,VikriDa Remote Control Extreme Drift Stunt Car for Kids...,"₹1,285",4.3,-19
702,Wembley Monster Truck Rechargeable Remote Control Car O...,"₹1,115",3.8,-78
703,frendo HI SPEED RC CAR LAM Black,₹949,4.1,-19
704,"ENGINEDIGITAL 4WD RC Drift Car with LED Lights, 30km/h ...","₹4,369",N/A,N/A
705,Wembley High Speed Mini 1:24 Scale Rechargeable Remote ...,₹544,3.8,"-17,550"
706,frendo Off Roader Rechargeable Remote Control Monster T...,"₹1,099",4,-933
707,frendo High Speed 1:24 Scale Rechargeable Remote Car fo...,₹729,3.8,"-2,468"
708,CADDLE & TOES Famous Car Remote Control 3D with LED Lig...,₹363,3.5,"-52,302"
709,frendo High Speed 1:24 Rechargeable C type charging Min...,₹699,3.7,-898
710,frendo High Speed 1:24 Scale Rechargeable Remote Car fo...,₹699,3.8,"-2,468"
711,frendo Off Roader Rechargeable Remote Control Monster T...,"₹1,099",4.1,"-4,105"
712,CADDLE & TOES Famous Car Remote Control 3D with LED Lig...,₹461,3.5,"-52,302"
713,UB Toys UB Toys Rechargeable 360 Remote Control Stunt C...,₹595,3.6,-409
714,Buddynjoy 3D lighting kids high speed rechargeable remo...,₹386,3.6,"-15,021"
715,frendo Off Roader Rechargeable Remote Control Monster T...,"₹1,099",4.1,"-4,105"
716,BACHCHARIDE Vande Bharat Express Toy Train –Model 105 B...,₹267,N/A,N/A
717,frendo High Speed 1:24 Scale Rechargeable Remote Car fo...,₹599,3.8,"-2,468"
718,"SHAILRON High-Speed RC Stunt Car, Finger Gesture Contro...","₹1,740",3.6,-7
719,APJ enterprise Remote Controlled Spray Racing Sports Ca...,"₹1,986",N/A,N/A
720,frendo High Speed 1:24 Scale Rechargeable Remote Car fo...,₹399,3.8,"-2,468"
721,CADDLE & TOES Famous Car Remote Control 3D with LED Lig...,₹310,3.5,"-52,302"
722,"CADDLE & TOES Rock Car , Spring wheels ,1:20 scale,Remo...",₹649,3.5,"-17,267"
723,WISHKEY Remote Control Super High Speed Racing Car With...,₹499,3.7,"-34,747"
724,Buddynjoy 3D lighting kids high speed rechargeable remo...,₹313,3.6,"-15,021"
725,frendo Off Roader Rechargeable Remote Control Monster T...,"₹1,099",4.1,"-4,105"
726,CADDLE & TOES Famous Car Remote Control 3D with LED Lig...,₹279,3.5,"-52,302"
727,GOODTIMES TOYS RC Car – Rechargeable Remote Control Rac...,₹279,N/A,N/A
728,fenterprises Remote Control Stunt Car 360° Rotation Mul...,₹445,3.9,"-3,718"
729,Xcillince Toys 4 Channel Remote control RC sports SUV F...,₹430,3.5,"-1,881"
730,"CADDLE & TOES Rock Car , Spring wheels ,1:20 scale,Remo...",₹853,3.5,"-17,267"
731,frendo High Speed Mini 1:24 Scale Rechargeable Remote c...,₹699,3.8,"-1,147"
732,Toys World 3D Fast Steering Remote Car,₹260,3.4,"-18,693"
733,TOYS TREK Remote Control Sports Racing Car,₹279,N/A,N/A
734,Xcillince Toys RC Car Chargable| Fun RC Toy and Gift fo...,₹447,3.4,"-1,340"
735,"CADDLE & TOES Rock Car , Spring wheels ,1:20 scale,Remo...",₹851,3.5,"-17,267"
736,frendo HI SPEED RC CAR LAM Black,₹949,4.1,-19
737,Delta Enterprises Remote Control Car,₹873,N/A,N/A
738,ctm toys Tesla Cybertruck High Speed RC 2.4GHz Long Bat...,₹884,N/A,N/A
739,magic toys High-Speed 4WD Spray RC Car - Remote Control...,"₹1,670",4,-64
740,"CADDLE & TOES Rock Car , Spring wheels ,1:20 scale,Remo...",₹853,3.5,"-17,267"
741,CADDLE & TOES New High Speed Sports Car With Rechargeab...,₹377,3.5,-550
742,frendo Off Roader Rechargeable Remote Control Monster T...,"₹1,099",4.1,"-4,105"
743,Toyco Rechargeable Famous Remote Control Car with Smoke...,₹387,3.6,"-1,840"
744,CADDLE & TOES Famous Car Remote Control 3D with LED Lig...,₹536,3.5,"-52,302"
745,Toyco Rechargeable Famous Remote Control Car with Smoke...,₹387,3.6,"-1,840"
746,Wembley Rechargeable Adventure Jeep Off Roader All-Terr...,"₹1,102",4,-752
747,frendo Off Roader Monster Truck Black,"₹1,249",N/A,N/A
748,frendo High Speed 1:24 Rechargeable C type charging Min...,₹644,3.7,-214
749,Aavkar creation Off Roader Back Car 4x4 With Mist Smoke...,"₹1,337",3.3,-91
750,Xcillince Toys xt_Wireless Remote Control Fast Modern C...,₹267,N/A,N/A
751,frendo High Speed 1:24 Scale Rechargeable Remote Car fo...,₹699,3.8,"-2,468"
752,Just97 Rechargeable Farrari Style Remote Control Car Wi...,₹818,N/A,N/A
753,Buddynjoy 3D lighting kids high speed rechargeable remo...,₹386,3.6,"-15,021"
754,Webby Remote Controlled Doors,₹816,3.9,-362
755,CADDLE & TOES Famous Car Remote Control 3D with LED Lig...,₹411,3.5,"-52,302"
756,"Royaldeals 1/16 Rc Drift Car Rc Cars, 2.4Ghz 4Wd High S...","₹3,254",N/A,N/A
757,VikriDa Remote Control car with Mist Smoke Spray Functi...,"₹1,040",3.6,-266
758,Aavkar creation Hand Gesture Sensor RC Stunt Car Double...,"₹1,697",3.6,-203
759,Goyal's Remote Control RC Stunt Car Vehicle 360° Rotati...,₹330,3.6,-599
760,frendo Off Roader Rechargeable Remote Control Monster T...,"₹1,099",4.1,"-4,105"
761,CADDLE & TOES Famous Car Remote Control 3D with LED Lig...,₹421,3.5,"-52,302"
762,CADDLE & TOES Famous Car Remote Control 3D Car with LED...,₹411,3.4,"-10,953"
763,SJVJ R/c stunt car defender,"₹1,211",3.7,-12
764,Buddynjoy 3D lighting kids high speed rechargeable remo...,₹396,3.6,"-15,021"
765,Miss & Chief 3D LED Lighting | high speed rechargeable ...,₹286,3.5,"-2,140"
766,frendo Off Roader Rechargeable Remote Control Monster T...,"₹1,437",4.1,"-4,105"
767,CADDLE & TOES Remote Controlled Rock Crawler RC Monster...,₹705,3.5,"-19,765"
768,Amayra Toy Car like Ferrari With open And Closed Doors ...,₹755,3.6,"-5,779"
769,VikriDa 2.4G 1:20 RC Car Stunt Spray Car with Light Bat...,₹748,3.6,-310
770,frendo High Speed Mini 1:24 Scale Rechargeable Remote c...,₹699,3.8,-121
771,CADDLE & TOES Famous Car Remote Control 3D with LED Lig...,₹536,3.5,"-52,302"
772,frendo High Speed Mini 1:24 Scale Rechargeable Remote c...,₹699,3.8,"-1,147"
773,KidsBug Remote Controlled Rock Crawler RC Monster Truck...,₹838,3.5,-208
774,Aavkar creation Big Rock Crawler Car 4x4 for Boys&Girls...,₹789,3.4,-15
775,ZUNBELLA 2in1 Automatic Convertible Transforming Robot ...,₹390,3.9,"-13,379"
776,TOIGEN Formula 1 Remote Control Racing car,₹953,3.4,-281
777,frendo HI SPEED RC CAR BUG Black Matt,₹949,3.3,-7
778,VikriDa Formula 1 smoke car-RE_Acq,₹959,3.6,-182
779,"VikriDa Gesture Sensing Stunt Rc Cars, 8Wd Rechargeable...","₹1,974",3.6,-311
780,frendo High Speed 1:24 Scale Rechargeable Remote Car fo...,₹524,3.8,"-2,468"
781,VikriDa Remote Control Extreme Drift Stunt Car for Kids...,"₹1,285",4.3,-19
782,Wembley Monster Truck Rechargeable Remote Control Car O...,"₹1,115",3.8,-78
783,frendo HI SPEED RC CAR LAM Black,₹949,4.1,-19
784,"ENGINEDIGITAL 4WD RC Drift Car with LED Lights, 30km/h ...","₹4,369",N/A,N/A
785,Wembley High Speed Mini 1:24 Scale Rechargeable Remote ...,₹544,3.8,"-17,550"
786,frendo Off Roader Rechargeable Remote Control Monster T...,"₹1,099",4,-933
787,frendo High Speed 1:24 Scale Rechargeable Remote Car fo...,₹729,3.8,"-2,468"
788,CADDLE & TOES Famous Car Remote Control 3D with LED Lig...,₹363,3.5,"-52,302"
789,frendo High Speed 1:24 Rechargeable C type charging Min...,₹699,3.7,-898
790,frendo High Speed 1:24 Scale Rechargeable Remote Car fo...,₹699,3.8,"-2,468"
791,frendo Off Roader Rechargeable Remote Control Monster T...,"₹1,099",4.1,"-4,105"
792,CADDLE & TOES Famous Car Remote Control 3D with LED Lig...,₹461,3.5,"-52,302"
793,UB Toys UB Toys Rechargeable 360 Remote Control Stunt C...,₹595,3.6,-409
794,Buddynjoy 3D lighting kids high speed rechargeable remo...,₹386,3.6,"-15,021"
795,frendo Off Roader Rechargeable Remote Control Monster T...,"₹1,099",4.1,"-4,105"
796,frendo High Speed 1:24 Scale Rechargeable Remote Car fo...,₹599,3.8,"-2,468"
797,frendo Off Roader Monster Truck Silver,"₹1,299",4.3,-7
798,"SHAILRON High-Speed RC Stunt Car, Finger Gesture Contro...","₹1,740",3.6,-7
799,APJ enterprise Remote Controlled Spray Racing Sports Ca...,"₹1,986",N/A,N/A
800,CADDLE & TOES Famous Car Remote Control 3D with LED Lig...,₹310,3.5,"-52,302"
801,frendo Off Roader Rechargeable Remote Control Monster T...,"₹1,099",4.1,"-4,105"
802,"CADDLE & TOES Rock Car , Spring wheels ,1:20 scale,Remo...",₹649,3.5,"-17,267"
803,WISHKEY Remote Control Super High Speed Racing Car With...,₹499,3.7,"-34,747"
804,Buddynjoy 3D lighting kids high speed rechargeable remo...,₹313,3.6,"-15,021"
805,"CADDLE & TOES Rock Car , Spring wheels ,1:20 scale,Remo...",₹853,3.5,"-17,267"
806,CADDLE & TOES Famous Car Remote Control 3D with LED Lig...,₹279,3.5,"-52,302"
807,GOODTIMES TOYS RC Car – Rechargeable Remote Control Rac...,₹279,N/A,N/A
808,fenterprises Remote Control Stunt Car 360° Rotation Mul...,₹445,3.9,"-3,718"
809,Xcillince Toys 4 Channel Remote control RC sports SUV F...,₹430,3.5,"-1,881"
810,frendo High Speed 1:24 Scale Rechargeable Remote Car fo...,₹399,3.8,"-2,468"
811,frendo High Speed Mini 1:24 Scale Rechargeable Remote c...,₹699,3.8,"-1,147"
812,Toys World 3D Fast Steering Remote Car,₹260,3.4,"-18,693"
813,TOYS TREK Remote Control Sports Racing Car,₹279,N/A,N/A
814,Xcillince Toys RC Car Chargable| Fun RC Toy and Gift fo...,₹447,3.4,"-1,340"
815,"CADDLE & TOES Rock Car , Spring wheels ,1:20 scale,Remo...",₹851,3.5,"-17,267"
816,frendo HI SPEED RC CAR LAM Black,₹949,4.1,-19
817,Delta Enterprises Remote Control Car,₹873,N/A,N/A
818,ctm toys Tesla Cybertruck High Speed RC 2.4GHz Long Bat...,₹884,N/A,N/A
819,magic toys High-Speed 4WD Spray RC Car - Remote Control...,"₹1,670",4,-64
820,"CADDLE & TOES Rock Car , Spring wheels ,1:20 scale,Remo...",₹853,3.5,"-17,267"
821,CADDLE & TOES New High Speed Sports Car With Rechargeab...,₹377,3.5,-550
822,frendo Off Roader Rechargeable Remote Control Monster T...,"₹1,099",4.1,"-4,105"
823,Toyco Rechargeable Famous Remote Control Car with Smoke...,₹387,3.6,"-1,840"
824,CADDLE & TOES Famous Car Remote Control 3D with LED Lig...,₹536,3.5,"-52,302"
825,Toyco Rechargeable Famous Remote Control Car with Smoke...,₹387,3.6,"-1,840"
826,Wembley Rechargeable Adventure Jeep Off Roader All-Terr...,"₹1,102",4,-752
827,frendo Off Roader Monster Truck Black,"₹1,249",N/A,N/A
828,frendo High Speed 1:24 Rechargeable C type charging Min...,₹644,3.7,-214
829,Aavkar creation Off Roader Back Car 4x4 With Mist Smoke...,"₹1,337",3.3,-91
830,Xcillince Toys xt_Wireless Remote Control Fast Modern C...,₹267,N/A,N/A
831,frendo High Speed 1:24 Scale Rechargeable Remote Car fo...,₹699,3.8,"-2,468"
832,Just97 Rechargeable Farrari Style Remote Control Car Wi...,₹818,N/A,N/A
833,Buddynjoy 3D lighting kids high speed rechargeable remo...,₹386,3.6,"-15,021"
834,Webby Remote Controlled Doors,₹816,3.9,-362
835,CADDLE & TOES Famous Car Remote Control 3D with LED Lig...,₹411,3.5,"-52,302"
836,"Royaldeals 1/16 Rc Drift Car Rc Cars, 2.4Ghz 4Wd High S...","₹3,254",N/A,N/A
837,VikriDa Remote Control car with Mist Smoke Spray Functi...,"₹1,040",3.6,-266
838,Aavkar creation Hand Gesture Sensor RC Stunt Car Double...,"₹1,697",3.6,-203
839,Goyal's Remote Control RC Stunt Car Vehicle 360° Rotati...,₹330,3.6,-599
840,frendo Off Roader Rechargeable Remote Control Monster T...,"₹1,099",4.1,"-4,105"
841,CADDLE & TOES Famous Car Remote Control 3D with LED Lig...,₹421,3.5,"-52,302"
842,CADDLE & TOES Famous Car Remote Control 3D Car with LED...,₹411,3.4,"-10,953"
843,SJVJ R/c stunt car defender,"₹1,211",3.7,-12
844,Buddynjoy 3D lighting kids high speed rechargeable remo...,₹396,3.6,"-15,021"
845,Miss & Chief 3D LED Lighting | high speed rechargeable ...,₹286,3.5,"-2,140"
846,CADDLE & TOES Remote Controlled Rock Crawler RC Monster...,₹705,3.5,"-19,765"
847,frendo Off Roader Rechargeable Remote Control Monster T...,"₹1,437",4.1,"-4,105"
848,Amayra Toy Car like Ferrari With open And Closed Doors ...,₹755,3.6,"-5,779"
849,VikriDa 2.4G 1:20 RC Car Stunt Spray Car with Light Bat...,₹748,3.6,-310
850,CADDLE & TOES Famous Car Remote Control 3D with LED Lig...,₹536,3.5,"-52,302"
851,frendo High Speed Mini 1:24 Scale Rechargeable Remote c...,₹699,3.8,-121
852,frendo High Speed Mini 1:24 Scale Rechargeable Remote c...,₹699,3.8,"-1,147"
853,KidsBug Remote Controlled Rock Crawler RC Monster Truck...,₹838,3.5,-208
854,Aavkar creation Big Rock Crawler Car 4x4 for Boys&Girls...,₹789,3.4,-15
855,ZUNBELLA 2in1 Automatic Convertible Transforming Robot ...,₹390,3.9,"-13,379"
856,TOIGEN Formula 1 Remote Control Racing car,₹953,3.4,-281
857,frendo HI SPEED RC CAR BUG Black Matt,₹949,3.3,-7
858,VikriDa Formula 1 smoke car-RE_Acq,₹959,3.6,-182
859,"VikriDa Gesture Sensing Stunt Rc Cars, 8Wd Rechargeable...","₹1,974",3.6,-311
860,frendo High Speed 1:24 Scale Rechargeable Remote Car fo...,₹524,3.8,"-2,468"
861,VikriDa Remote Control Extreme Drift Stunt Car for Kids...,"₹1,285",4.3,-19
862,Wembley Monster Truck Rechargeable Remote Control Car O...,"₹1,115",3.8,-78
863,frendo HI SPEED RC CAR LAM Black,₹949,4.1,-19
864,"ENGINEDIGITAL 4WD RC Drift Car with LED Lights, 30km/h ...","₹4,369",N/A,N/A
865,Wembley High Speed Mini 1:24 Scale Rechargeable Remote ...,₹544,3.8,"-17,550"
866,frendo Off Roader Rechargeable Remote Control Monster T...,"₹1,099",4,-933
867,frendo High Speed 1:24 Scale Rechargeable Remote Car fo...,₹729,3.8,"-2,468"
868,CADDLE & TOES Famous Car Remote Control 3D with LED Lig...,₹363,3.5,"-52,302"
869,frendo High Speed 1:24 Rechargeable C type charging Min...,₹699,3.7,-898
870,frendo High Speed 1:24 Scale Rechargeable Remote Car fo...,₹699,3.8,"-2,468"
871,frendo Off Roader Rechargeable Remote Control Monster T...,"₹1,099",4.1,"-4,105"
872,CADDLE & TOES Famous Car Remote Control 3D with LED Lig...,₹461,3.5,"-52,302"
873,UB Toys UB Toys Rechargeable 360 Remote Control Stunt C...,₹595,3.6,-409
874,Buddynjoy 3D lighting kids high speed rechargeable remo...,₹386,3.6,"-15,021"
875,frendo Off Roader Rechargeable Remote Control Monster T...,"₹1,099",4.1,"-4,105"
876,BACHCHARIDE Vande Bharat Express Toy Train –Model 105 B...,₹267,N/A,N/A
877,frendo High Speed 1:24 Scale Rechargeable Remote Car fo...,₹599,3.8,"-2,468"
878,"SHAILRON High-Speed RC Stunt Car, Finger Gesture Contro...","₹1,740",3.6,-7
879,APJ enterprise Remote Controlled Spray Racing Sports Ca...,"₹1,986",N/A,N/A
880,frendo High Speed 1:24 Scale Rechargeable Remote Car fo...,₹399,3.8,"-2,468"
881,CADDLE & TOES Famous Car Remote Control 3D with LED Lig...,₹310,3.5,"-52,302"
882,"CADDLE & TOES Rock Car , Spring wheels ,1:20 scale,Remo...",₹649,3.5,"-17,267"
883,WISHKEY Remote Control Super High Speed Racing Car With...,₹499,3.7,"-34,747"
884,Buddynjoy 3D lighting kids high speed rechargeable remo...,₹313,3.6,"-15,021"
885,frendo Off Roader Rechargeable Remote Control Monster T...,"₹1,099",4.1,"-4,105"
886,CADDLE & TOES Famous Car Remote Control 3D with LED Lig...,₹279,3.5,"-52,302"
887,GOODTIMES TOYS RC Car – Rechargeable Remote Control Rac...,₹279,N/A,N/A
888,fenterprises Remote Control Stunt Car 360° Rotation Mul...,₹445,3.9,"-3,718"
889,Xcillince Toys 4 Channel Remote control RC sports SUV F...,₹430,3.5,"-1,881"
890,"CADDLE & TOES Rock Car , Spring wheels ,1:20 scale,Remo...",₹853,3.5,"-17,267"
891,frendo High Speed Mini 1:24 Scale Rechargeable Remote c...,₹699,3.8,"-1,147"
892,Toys World 3D Fast Steering Remote Car,₹260,3.4,"-18,693"
893,TOYS TREK Remote Control Sports Racing Car,₹279,N/A,N/A
894,Xcillince Toys RC Car Chargable| Fun RC Toy and Gift fo...,₹447,3.4,"-1,340"
895,"CADDLE & TOES Rock Car , Spring wheels ,1:20 scale,Remo...",₹851,3.5,"-17,267"
896,frendo HI SPEED RC CAR LAM Black,₹949,4.1,-19
897,Delta Enterprises Remote Control Car,₹873,N/A,N/A
898,ctm toys Tesla Cybertruck High Speed RC 2.4GHz Long Bat...,₹884,N/A,N/A
899,magic toys High-Speed 4WD Spray RC Car - Remote Control...,"₹1,670",4,-64
900,"CADDLE & TOES Rock Car , Spring wheels ,1:20 scale,Remo...",₹853,3.5,"-17,267"
901,CADDLE & TOES New High Speed Sports Car With Rechargeab...,₹377,3.5,-550
902,frendo Off Roader Rechargeable Remote Control Monster T...,"₹1,099",4.1,"-4,105"
903,Toyco Rechargeable Famous Remote Control Car with Smoke...,₹387,3.6,"-1,840"
904,CADDLE & TOES Famous Car Remote Control 3D with LED Lig...,₹536,3.5,"-52,302"
905,Toyco Rechargeable Famous Remote Control Car with Smoke...,₹387,3.6,"-1,840"
906,Wembley Rechargeable Adventure Jeep Off Roader All-Terr...,"₹1,102",4,-752
907,frendo Off Roader Monster Truck Black,"₹1,249",N/A,N/A
908,frendo High Speed 1:24 Rechargeable C type charging Min...,₹644,3.7,-214
909,Aavkar creation Off Roader Back Car 4x4 With Mist Smoke...,"₹1,337",3.3,-91
910,Xcillince Toys xt_Wireless Remote Control Fast Modern C...,₹267,N/A,N/A
911,frendo High Speed 1:24 Scale Rechargeable Remote Car fo...,₹699,3.8,"-2,468"
912,Just97 Rechargeable Farrari Style Remote Control Car Wi...,₹818,N/A,N/A
913,Buddynjoy 3D lighting kids high speed rechargeable remo...,₹386,3.6,"-15,021"
914,Webby Remote Controlled Doors,₹816,3.9,-362
915,CADDLE & TOES Famous Car Remote Control 3D with LED Lig...,₹411,3.5,"-52,302"
916,"Royaldeals 1/16 Rc Drift Car Rc Cars, 2.4Ghz 4Wd High S...","₹3,254",N/A,N/A
917,VikriDa Remote Control car with Mist Smoke Spray Functi...,"₹1,040",3.6,-266
918,Aavkar creation Hand Gesture Sensor RC Stunt Car Double...,"₹1,697",3.6,-203
919,Goyal's Remote Control RC Stunt Car Vehicle 360° Rotati...,₹330,3.6,-599
920,frendo Off Roader Rechargeable Remote Control Monster T...,"₹1,099",4,-933
921,frendo Off Roader Rechargeable Remote Control Monster T...,"₹1,099",4.1,"-4,105"
922,CADDLE & TOES Famous Car Remote Control 3D Car with LED...,₹411,3.4,"-10,953"
923,SJVJ R/c stunt car defender,"₹1,211",3.7,-12
924,Buddynjoy 3D lighting kids high speed rechargeable remo...,₹396,3.6,"-15,021"
925,Miss & Chief 3D LED Lighting | high speed rechargeable ...,₹286,3.5,"-2,140"
926,CADDLE & TOES Famous Car Remote Control 3D with LED Lig...,₹421,3.5,"-52,302"
927,CADDLE & TOES Remote Controlled Rock Crawler RC Monster...,₹705,3.5,"-19,765"
928,Amayra Toy Car like Ferrari With open And Closed Doors ...,₹755,3.6,"-5,779"
929,VikriDa 2.4G 1:20 RC Car Stunt Spray Car with Light Bat...,₹748,3.6,-310
930,frendo Off Roader Rechargeable Remote Control Monster T...,"₹1,437",4.1,"-4,105"
931,CADDLE & TOES Famous Car Remote Control 3D with LED Lig...,₹536,3.5,"-52,302"
932,frendo High Speed Mini 1:24 Scale Rechargeable Remote c...,₹699,3.8,"-1,147"
933,KidsBug Remote Controlled Rock Crawler RC Monster Truck...,₹838,3.5,-208
934,Aavkar creation Big Rock Crawler Car 4x4 for Boys&Girls...,₹789,3.4,-15
935,ZUNBELLA 2in1 Automatic Convertible Transforming Robot ...,₹390,3.9,"-13,379"
936,frendo High Speed Mini 1:24 Scale Rechargeable Remote c...,₹699,3.8,-121
937,TOIGEN Formula 1 Remote Control Racing car,₹953,3.4,-281
938,VikriDa Formula 1 smoke car-RE_Acq,₹959,3.6,-182
939,"VikriDa Gesture Sensing Stunt Rc Cars, 8Wd Rechargeable...","₹1,974",3.6,-311
940,frendo HI SPEED RC CAR BUG Black Matt,₹949,3.3,-7
941,frendo High Speed 1:24 Scale Rechargeable Remote Car fo...,₹524,3.8,"-2,468"
942,Wembley Monster Truck Rechargeable Remote Control Car O...,"₹1,115",3.8,-78
943,frendo HI SPEED RC CAR LAM Black,₹949,4.1,-19
944,"ENGINEDIGITAL 4WD RC Drift Car with LED Lights, 30km/h ...","₹4,369",N/A,N/A
945,Wembley High Speed Mini 1:24 Scale Rechargeable Remote ...,₹544,3.8,"-17,550"
946,VikriDa Remote Control Extreme Drift Stunt Car for Kids...,"₹1,285",4.3,-19
947,frendo High Speed 1:24 Scale Rechargeable Remote Car fo...,₹729,3.8,"-2,468"
948,CADDLE & TOES Famous Car Remote Control 3D with LED Lig...,₹363,3.5,"-52,302"
949,frendo High Speed 1:24 Rechargeable C type charging Min...,₹699,3.7,-898
950,frendo High Speed 1:24 Scale Rechargeable Remote Car fo...,₹699,3.8,"-2,468"
951,frendo Off Roader Rechargeable Remote Control Monster T...,"₹1,099",4.1,"-4,105"
952,CADDLE & TOES Famous Car Remote Control 3D with LED Lig...,₹461,3.5,"-52,302"
953,UB Toys UB Toys Rechargeable 360 Remote Control Stunt C...,₹595,3.6,-409
954,Buddynjoy 3D lighting kids high speed rechargeable remo...,₹386,3.6,"-15,021"
955,frendo Off Roader Rechargeable Remote Control Monster T...,"₹1,099",4.1,"-4,105"
956,BACHCHARIDE Vande Bharat Express Toy Train –Model 105 B...,₹267,N/A,N/A
957,frendo High Speed 1:24 Scale Rechargeable Remote Car fo...,₹599,3.8,"-2,468"
958,"SHAILRON High-Speed RC Stunt Car, Finger Gesture Contro...","₹1,740",3.6,-7
959,APJ enterprise Remote Controlled Spray Racing Sports Ca...,"₹1,986",N/A,N/A
960,frendo High Speed 1:24 Scale Rechargeable Remote Car fo...,₹399,3.8,"-2,468"
961,CADDLE & TOES Famous Car Remote Control 3D with LED Lig...,₹310,3.5,"-52,302"
962,"CADDLE & TOES Rock Car , Spring wheels ,1:20 scale,Remo...",₹649,3.5,"-17,267"
963,WISHKEY Remote Control Super High Speed Racing Car With...,₹499,3.7,"-34,747"
964,Buddynjoy 3D lighting kids high speed rechargeable remo...,₹313,3.6,"-15,021"
965,frendo Off Roader Rechargeable Remote Control Monster T...,"₹1,099",4.1,"-4,105"
966,CADDLE & TOES Famous Car Remote Control 3D with LED Lig...,₹279,3.5,"-52,302"
967,GOODTIMES TOYS RC Car – Rechargeable Remote Control Rac...,₹279,N/A,N/A
968,fenterprises Remote Control Stunt Car 360° Rotation Mul...,₹445,3.9,"-3,718"
969,Xcillince Toys 4 Channel Remote control RC sports SUV F...,₹430,3.5,"-1,881"
970,"CADDLE & TOES Rock Car , Spring wheels ,1:20 scale,Remo...",₹853,3.5,"-17,267"
971,frendo High Speed Mini 1:24 Scale Rechargeable Remote c...,₹699,3.8,"-1,147"
972,Toys World 3D Fast Steering Remote Car,₹260,3.4,"-18,693"
973,TOYS TREK Remote Control Sports Racing Car,₹279,N/A,N/A
974,Xcillince Toys RC Car Chargable| Fun RC Toy and Gift fo...,₹447,3.4,"-1,340"
975,"CADDLE & TOES Rock Car , Spring wheels ,1:20 scale,Remo...",₹851,3.5,"-17,267"
976,frendo HI SPEED RC CAR LAM Black,₹949,4.1,-19
977,Delta Enterprises Remote Control Car,₹873,N/A,N/A
978,ctm toys Tesla Cybertruck High Speed RC 2.4GHz Long Bat...,₹884,N/A,N/A
979,magic toys High-Speed 4WD Spray RC Car - Remote Control...,"₹1,670",4,-64
980,"CADDLE & TOES Rock Car , Spring wheels ,1:20 scale,Remo...",₹853,3.5,"-17,267"
981,CADDLE & TOES New High Speed Sports Car With Rechargeab...,₹377,3.5,-550
982,frendo Off Roader Rechargeable Remote Control Monster T...,"₹1,099",4.1,"-4,105"
983,Toyco Rechargeable Famous Remote Control Car with Smoke...,₹387,3.6,"-1,840"
984,CADDLE & TOES Famous Car Remote Control 3D with LED Lig...,₹536,3.5,"-52,302"
985,Toyco Rechargeable Famous Remote Control Car with Smoke...,₹387,3.6,"-1,840"
986,Wembley Rechargeable Adventure Jeep Off Roader All-Terr...,"₹1,102",4,-752
987,frendo Off Roader Monster Truck Black,"₹1,249",N/A,N/A
988,frendo High Speed 1:24 Rechargeable C type charging Min...,₹644,3.7,-214
989,Aavkar creation Off Roader Back Car 4x4 With Mist Smoke...,"₹1,337",3.3,-91
990,Xcillince Toys xt_Wireless Remote Control Fast Modern C...,₹267,N/A,N/A
991,frendo High Speed 1:24 Scale Rechargeable Remote Car fo...,₹699,3.8,"-2,468"
992,Just97 Rechargeable Farrari Style Remote Control Car Wi...,₹818,N/A,N/A
993,Buddynjoy 3D lighting kids high speed rechargeable remo...,₹386,3.6,"-15,021"
994,Webby Remote Controlled Doors,₹816,3.9,-362
995,CADDLE & TOES Famous Car Remote Control 3D with LED Lig...,₹411,3.5,"-52,302"
996,"Royaldeals 1/16 Rc Drift Car Rc Cars, 2.4Ghz 4Wd High S...","₹3,254",N/A,N/A
997,VikriDa Remote Control car with Mist Smoke Spray Functi...,"₹1,040",3.6,-266
998,Aavkar creation Hand Gesture Sensor RC Stunt Car Double...,"₹1,697",3.6,-203
999,Goyal's Remote Control RC Stunt Car Vehicle 360° Rotati...,₹330,3.6,-599
1000,frendo Off Roader Rechargeable Remote Control Monster T...,"₹1,099",4,-933
1001,frendo Off Roader Rechargeable Remote Control Monster T...,"₹1,099",4.1,"-4,105"
1002,CADDLE & TOES Famous Car Remote Control 3D Car with LED...,₹411,3.4,"-10,953"
1003,SJVJ R/c stunt car defender,"₹1,211",3.7,-12
1004,Buddynjoy 3D lighting kids high speed rechargeable remo...,₹396,3.6,"-15,021"
1005,Miss & Chief 3D LED Lighting | high speed rechargeable ...,₹286,3.5,"-2,140"
1006,CADDLE & TOES Famous Car Remote Control 3D with LED Lig...,₹421,3.5,"-52,302"
1007,frendo Off Roader Rechargeable Remote Control Monster T...,"₹1,437",4.1,"-4,105"
1008,Amayra Toy Car like Ferrari With open And Closed Doors ...,₹755,3.6,"-5,779"
1009,VikriDa 2.4G 1:20 RC Car Stunt Spray Car with Light Bat...,₹748,3.6,-310
1010,CADDLE & TOES Remote Controlled Rock Crawler RC Monster...,₹705,3.5,"-19,765"
1011,frendo High Speed Mini 1:24 Scale Rechargeable Remote c...,₹699,3.8,-121
1012,frendo High Speed Mini 1:24 Scale Rechargeable Remote c...,₹699,3.8,"-1,147"
1013,KidsBug Remote Controlled Rock Crawler RC Monster Truck...,₹838,3.5,-208
1014,Aavkar creation Big Rock Crawler Car 4x4 for Boys&Girls...,₹789,3.4,-15
1015,ZUNBELLA 2in1 Automatic Convertible Transforming Robot ...,₹390,3.9,"-13,379"
1016,CADDLE & TOES Famous Car Remote Control 3D with LED Lig...,₹536,3.5,"-52,302"
1017,TOIGEN Formula 1 Remote Control Racing car,₹953,3.4,-281
1018,VikriDa Formula 1 smoke car-RE_Acq,₹959,3.6,-182
1019,"VikriDa Gesture Sensing Stunt Rc Cars, 8Wd Rechargeable...","₹1,974",3.6,-311
1020,frendo HI SPEED RC CAR BUG Black Matt,₹949,3.3,-7
1021,frendo High Speed 1:24 Scale Rechargeable Remote Car fo...,₹524,3.8,"-2,468"
1022,Wembley Monster Truck Rechargeable Remote Control Car O...,"₹1,115",3.8,-78
1023,frendo HI SPEED RC CAR LAM Black,₹949,4.1,-19
1024,"ENGINEDIGITAL 4WD RC Drift Car with LED Lights, 30km/h ...","₹4,369",N/A,N/A
1025,Wembley High Speed Mini 1:24 Scale Rechargeable Remote ...,₹544,3.8,"-17,550"
1026,VikriDa Remote Control Extreme Drift Stunt Car for Kids...,"₹1,285",4.3,-19
1027,frendo High Speed 1:24 Scale Rechargeable Remote Car fo...,₹729,3.8,"-2,468"
1028,CADDLE & TOES Famous Car Remote Control 3D with LED Lig...,₹363,3.5,"-52,302"
1029,frendo High Speed 1:24 Rechargeable C type charging Min...,₹699,3.7,-898
1030,frendo High Speed 1:24 Scale Rechargeable Remote Car fo...,₹699,3.8,"-2,468"
1031,frendo Off Roader Rechargeable Remote Control Monster T...,"₹1,099",4.1,"-4,105"
1032,CADDLE & TOES Famous Car Remote Control 3D with LED Lig...,₹461,3.5,"-52,302"
1033,UB Toys UB Toys Rechargeable 360 Remote Control Stunt C...,₹595,3.6,-409
1034,Buddynjoy 3D lighting kids high speed rechargeable remo...,₹386,3.6,"-15,021"
1035,frendo Off Roader Rechargeable Remote Control Monster T...,"₹1,099",4.1,"-4,105"
1036,frendo High Speed 1:24 Scale Rechargeable Remote Car fo...,₹599,3.8,"-2,468"
1037,frendo Off Roader Monster Truck Silver,"₹1,299",4.3,-7
1038,"SHAILRON High-Speed RC Stunt Car, Finger Gesture Contro...","₹1,740",3.6,-7
1039,APJ enterprise Remote Controlled Spray Racing Sports Ca...,"₹1,986",N/A,N/A
1040,frendo High Speed 1:24 Scale Rechargeable Remote Car fo...,₹399,3.8,"-2,468"
1041,CADDLE & TOES Famous Car Remote Control 3D with LED Lig...,₹310,3.5,"-52,302"
1042,"CADDLE & TOES Rock Car , Spring wheels ,1:20 scale,Remo...",₹649,3.5,"-17,267"
1043,WISHKEY Remote Control Super High Speed Racing Car With...,₹499,3.7,"-34,747"
1044,Buddynjoy 3D lighting kids high speed rechargeable remo...,₹313,3.6,"-15,021"
1045,frendo Off Roader Rechargeable Remote Control Monster T...,"₹1,099",4.1,"-4,105"
1046,CADDLE & TOES Famous Car Remote Control 3D with LED Lig...,₹279,3.5,"-52,302"
1047,GOODTIMES TOYS RC Car – Rechargeable Remote Control Rac...,₹279,N/A,N/A
1048,fenterprises Remote Control Stunt Car 360° Rotation Mul...,₹445,3.9,"-3,718"
1049,Xcillince Toys 4 Channel Remote control RC sports SUV F...,₹430,3.5,"-1,881"
1050,"CADDLE & TOES Rock Car , Spring wheels ,1:20 scale,Remo...",₹853,3.5,"-17,267"
1051,frendo High Speed Mini 1:24 Scale Rechargeable Remote c...,₹699,3.8,"-1,147"
1052,Toys World 3D Fast Steering Remote Car,₹260,3.4,"-18,693"
1053,TOYS TREK Remote Control Sports Racing Car,₹279,N/A,N/A
1054,Xcillince Toys RC Car Chargable| Fun RC Toy and Gift fo...,₹447,3.4,"-1,340"
1055,"CADDLE & TOES Rock Car , Spring wheels ,1:20 scale,Remo...",₹851,3.5,"-17,267"
1056,frendo HI SPEED RC CAR LAM Black,₹949,4.1,-19
1057,Delta Enterprises Remote Control Car,₹873,N/A,N/A
1058,ctm toys Tesla Cybertruck High Speed RC 2.4GHz Long Bat...,₹884,N/A,N/A
1059,magic toys High-Speed 4WD Spray RC Car - Remote Control...,"₹1,670",4,-64
1060,"CADDLE & TOES Rock Car , Spring wheels ,1:20 scale,Remo...",₹853,3.5,"-17,267"
1061,CADDLE & TOES New High Speed Sports Car With Rechargeab...,₹377,3.5,-550
1062,frendo Off Roader Rechargeable Remote Control Monster T...,"₹1,099",4.1,"-4,105"
1063,Toyco Rechargeable Famous Remote Control Car with Smoke...,₹387,3.6,"-1,840"
1064,CADDLE & TOES Famous Car Remote Control 3D with LED Lig...,₹536,3.5,"-52,302"
1065,Toyco Rechargeable Famous Remote Control Car with Smoke...,₹387,3.6,"-1,840"
1066,Wembley Rechargeable Adventure Jeep Off Roader All-Terr...,"₹1,102",4,-752
1067,frendo Off Roader Monster Truck Black,"₹1,249",N/A,N/A
1068,frendo High Speed 1:24 Rechargeable C type charging Min...,₹644,3.7,-214
1069,Aavkar creation Off Roader Back Car 4x4 With Mist Smoke...,"₹1,337",3.3,-91
1070,Xcillince Toys xt_Wireless Remote Control Fast Modern C...,₹267,N/A,N/A
1071,frendo High Speed 1:24 Scale Rechargeable Remote Car fo...,₹699,3.8,"-2,468"
1072,Just97 Rechargeable Farrari Style Remote Control Car Wi...,₹818,N/A,N/A
1073,Buddynjoy 3D lighting kids high speed rechargeable remo...,₹386,3.6,"-15,021"
1074,Webby Remote Controlled Doors,₹816,3.9,-362
1075,CADDLE & TOES Famous Car Remote Control 3D with LED Lig...,₹411,3.5,"-52,302"
1076,"Royaldeals 1/16 Rc Drift Car Rc Cars, 2.4Ghz 4Wd High S...","₹3,254",N/A,N/A
1077,VikriDa Remote Control car with Mist Smoke Spray Functi...,"₹1,040",3.6,-266
1078,Aavkar creation Hand Gesture Sensor RC Stunt Car Double...,"₹1,697",3.6,-203
1079,Goyal's Remote Control RC Stunt Car Vehicle 360° Rotati...,₹330,3.6,-599
1080,frendo Off Roader Rechargeable Remote Control Monster T...,"₹1,099",4.1,"-4,105"
1081,CADDLE & TOES Famous Car Remote Control 3D with LED Lig...,₹421,3.5,"-52,302"
1082,CADDLE & TOES Famous Car Remote Control 3D Car with LED...,₹411,3.4,"-10,953"
1083,SJVJ R/c stunt car defender,"₹1,211",3.7,-12
1084,Buddynjoy 3D lighting kids high speed rechargeable remo...,₹396,3.6,"-15,021"
1085,Miss & Chief 3D LED Lighting | high speed rechargeable ...,₹286,3.5,"-2,140"
1086,frendo Off Roader Rechargeable Remote Control Monster T...,"₹1,437",4.1,"-4,105"
1087,CADDLE & TOES Remote Controlled Rock Crawler RC Monster...,₹705,3.5,"-19,765"
1088,Amayra Toy Car like Ferrari With open And Closed Doors ...,₹755,3.6,"-5,779"
1089,VikriDa 2.4G 1:20 RC Car Stunt Spray Car with Light Bat...,₹748,3.6,-310
1090,frendo High Speed Mini 1:24 Scale Rechargeable Remote c...,₹699,3.8,-121
1091,CADDLE & TOES Famous Car Remote Control 3D with LED Lig...,₹536,3.5,"-52,302"
1092,frendo High Speed Mini 1:24 Scale Rechargeable Remote c...,₹699,3.8,"-1,147"
1093,KidsBug Remote Controlled Rock Crawler RC Monster Truck...,₹838,3.5,-208
1094,Aavkar creation Big Rock Crawler Car 4x4 for Boys&Girls...,₹789,3.4,-15
1095,ZUNBELLA 2in1 Automatic Convertible Transforming Robot ...,₹390,3.9,"-13,379"
1096,TOIGEN Formula 1 Remote Control Racing car,₹953,3.4,-281
1097,frendo HI SPEED RC CAR BUG Black Matt,₹949,3.3,-7
1098,VikriDa Formula 1 smoke car-RE_Acq,₹959,3.6,-182
1099,"VikriDa Gesture Sensing Stunt Rc Cars, 8Wd Rechargeable...","₹1,974",3.6,-311
1100,frendo High Speed 1:24 Scale Rechargeable Remote Car fo...,₹524,3.8,"-2,468"
1101,VikriDa Remote Control Extreme Drift Stunt Car for Kids...,"₹1,285",4.3,-19
1102,Wembley Monster Truck Rechargeable Remote Control Car O...,"₹1,115",3.8,-78
1103,frendo HI SPEED RC CAR LAM Black,₹949,4.1,-19
1104,"ENGINEDIGITAL 4WD RC Drift Car with LED Lights, 30km/h ...","₹4,369",N/A,N/A
1105,Wembley High Speed Mini 1:24 Scale Rechargeable Remote ...,₹544,3.8,"-17,550"
1106,frendo Off Roader Rechargeable Remote Control Monster T...,"₹1,099",4,-933
1107,frendo High Speed 1:24 Scale Rechargeable Remote Car fo...,₹729,3.8,"-2,468"
1108,CADDLE & TOES Famous Car Remote Control 3D with LED Lig...,₹363,3.5,"-52,302"
1109,frendo High Speed 1:24 Rechargeable C type charging Min...,₹699,3.7,-898
1110,frendo High Speed 1:24 Scale Rechargeable Remote Car fo...,₹699,3.8,"-2,468"
1111,frendo Off Roader Rechargeable Remote Control Monster T...,"₹1,099",4.1,"-4,105"
1112,CADDLE & TOES Famous Car Remote Control 3D with LED Lig...,₹461,3.5,"-52,302"
1113,UB Toys UB Toys Rechargeable 360 Remote Control Stunt C...,₹595,3.6,-409
1114,Buddynjoy 3D lighting kids high speed rechargeable remo...,₹386,3.6,"-15,021"
1115,frendo Off Roader Rechargeable Remote Control Monster T...,"₹1,099",4.1,"-4,105"
1116,frendo High Speed 1:24 Scale Rechargeable Remote Car fo...,₹599,3.8,"-2,468"
1117,frendo Off Roader Monster Truck Silver,"₹1,299",4.3,-7
1118,"SHAILRON High-Speed RC Stunt Car, Finger Gesture Contro...","₹1,740",3.6,-7
1119,APJ enterprise Remote Controlled Spray Racing Sports Ca...,"₹1,986",N/A,N/A
1120,frendo High Speed 1:24 Scale Rechargeable Remote Car fo...,₹399,3.8,"-2,468"
1121,CADDLE & TOES Famous Car Remote Control 3D with LED Lig...,₹310,3.5,"-52,302"
1122,"CADDLE & TOES Rock Car , Spring wheels ,1:20 scale,Remo...",₹649,3.5,"-17,267"
1123,WISHKEY Remote Control Super High Speed Racing Car With...,₹499,3.7,"-34,747"
1124,Buddynjoy 3D lighting kids high speed rechargeable remo...,₹313,3.6,"-15,021"
1125,frendo Off Roader Rechargeable Remote Control Monster T...,"₹1,099",4.1,"-4,105"
1126,CADDLE & TOES Famous Car Remote Control 3D with LED Lig...,₹279,3.5,"-52,302"
1127,GOODTIMES TOYS RC Car – Rechargeable Remote Control Rac...,₹279,N/A,N/A
1128,fenterprises Remote Control Stunt Car 360° Rotation Mul...,₹445,3.9,"-3,718"
1129,Xcillince Toys 4 Channel Remote control RC sports SUV F...,₹430,3.5,"-1,881"
1130,"CADDLE & TOES Rock Car , Spring wheels ,1:20 scale,Remo...",₹853,3.5,"-17,267"
1131,frendo High Speed Mini 1:24 Scale Rechargeable Remote c...,₹699,3.8,"-1,147"
1132,Toys World 3D Fast Steering Remote Car,₹260,3.4,"-18,693"
1133,TOYS TREK Remote Control Sports Racing Car,₹279,N/A,N/A
1134,Xcillince Toys RC Car Chargable| Fun RC Toy and Gift fo...,₹447,3.4,"-1,340"
1135,"CADDLE & TOES Rock Car , Spring wheels ,1:20 scale,Remo...",₹851,3.5,"-17,267"
1136,frendo HI SPEED RC CAR LAM Black,₹949,4.1,-19
1137,Delta Enterprises Remote Control Car,₹873,N/A,N/A
1138,ctm toys Tesla Cybertruck High Speed RC 2.4GHz Long Bat...,₹884,N/A,N/A
1139,magic toys High-Speed 4WD Spray RC Car - Remote Control...,"₹1,670",4,-64
1140,"CADDLE & TOES Rock Car , Spring wheels ,1:20 scale,Remo...",₹853,3.5,"-17,267"
1141,CADDLE & TOES New High Speed Sports Car With Rechargeab...,₹377,3.5,-550
1142,frendo Off Roader Rechargeable Remote Control Monster T...,"₹1,099",4.1,"-4,105"
1143,Toyco Rechargeable Famous Remote Control Car with Smoke...,₹387,3.6,"-1,840"
1144,CADDLE & TOES Famous Car Remote Control 3D with LED Lig...,₹536,3.5,"-52,302"
1145,Toyco Rechargeable Famous Remote Control Car with Smoke...,₹387,3.6,"-1,840"
1146,Wembley Rechargeable Adventure Jeep Off Roader All-Terr...,"₹1,102",4,-752
1147,frendo Off Roader Monster Truck Black,"₹1,249",N/A,N/A
1148,frendo High Speed 1:24 Rechargeable C type charging Min...,₹644,3.7,-214
1149,Aavkar creation Off Roader Back Car 4x4 With Mist Smoke...,"₹1,337",3.3,-91
1150,Xcillince Toys xt_Wireless Remote Control Fast Modern C...,₹267,N/A,N/A
1151,frendo High Speed 1:24 Scale Rechargeable Remote Car fo...,₹699,3.8,"-2,468"
1152,Just97 Rechargeable Farrari Style Remote Control Car Wi...,₹818,N/A,N/A
1153,Buddynjoy 3D lighting kids high speed rechargeable remo...,₹386,3.6,"-15,021"
1154,Webby Remote Controlled Doors,₹816,3.9,-362
1155,CADDLE & TOES Famous Car Remote Control 3D with LED Lig...,₹411,3.5,"-52,302"
1156,"Royaldeals 1/16 Rc Drift Car Rc Cars, 2.4Ghz 4Wd High S...","₹3,254",N/A,N/A
1157,VikriDa Remote Control car with Mist Smoke Spray Functi...,"₹1,040",3.6,-266
1158,Aavkar creation Hand Gesture Sensor RC Stunt Car Double...,"₹1,697",3.6,-203
1159,Goyal's Remote Control RC Stunt Car Vehicle 360° Rotati...,₹330,3.6,-599
1160,frendo Off Roader Rechargeable Remote Control Monster T...,"₹1,099",4.1,"-4,105"
1161,CADDLE & TOES Famous Car Remote Control 3D with LED Lig...,₹421,3.5,"-52,302"
1162,CADDLE & TOES Famous Car Remote Control 3D Car with LED...,₹411,3.4,"-10,953"
1163,SJVJ R/c stunt car defender,"₹1,211",3.7,-12
1164,Buddynjoy 3D lighting kids high speed rechargeable remo...,₹396,3.6,"-15,021"
1165,Miss & Chief 3D LED Lighting | high speed rechargeable ...,₹286,3.5,"-2,140"
1166,CADDLE & TOES Remote Controlled Rock Crawler RC Monster...,₹705,3.5,"-19,765"
1167,frendo Off Roader Rechargeable Remote Control Monster T...,"₹1,437",4.1,"-4,105"
1168,Amayra Toy Car like Ferrari With open And Closed Doors ...,₹755,3.6,"-5,779"
1169,VikriDa 2.4G 1:20 RC Car Stunt Spray Car with Light Bat...,₹748,3.6,-310
1170,CADDLE & TOES Famous Car Remote Control 3D with LED Lig...,₹536,3.5,"-52,302"
1171,frendo High Speed Mini 1:24 Scale Rechargeable Remote c...,₹699,3.8,-121
1172,frendo High Speed Mini 1:24 Scale Rechargeable Remote c...,₹699,3.8,"-1,147"
1173,KidsBug Remote Controlled Rock Crawler RC Monster Truck...,₹838,3.5,-208
1174,Aavkar creation Big Rock Crawler Car 4x4 for Boys&Girls...,₹789,3.4,-15
1175,ZUNBELLA 2in1 Automatic Convertible Transforming Robot ...,₹390,3.9,"-13,379"
1176,TOIGEN Formula 1 Remote Control Racing car,₹953,3.4,-281
1177,frendo HI SPEED RC CAR BUG Black Matt,₹949,3.3,-7
1178,VikriDa Formula 1 smoke car-RE_Acq,₹959,3.6,-182
1179,"VikriDa Gesture Sensing Stunt Rc Cars, 8Wd Rechargeable...","₹1,974",3.6,-311
1180,frendo High Speed 1:24 Scale Rechargeable Remote Car fo...,₹524,3.8,"-2,468"
1181,VikriDa Remote Control Extreme Drift Stunt Car for Kids...,"₹1,285",4.3,-19
1182,Wembley Monster Truck Rechargeable Remote Control Car O...,"₹1,115",3.8,-78
1183,frendo HI SPEED RC CAR LAM Black,₹949,4.1,-19
1184,"ENGINEDIGITAL 4WD RC Drift Car with LED Lights, 30km/h ...","₹4,369",N/A,N/A
1185,Wembley High Speed Mini 1:24 Scale Rechargeable Remote ...,₹544,3.8,"-17,550"
1186,frendo Off Roader Rechargeable Remote Control Monster T...,"₹1,099",4,-933
1187,frendo High Speed 1:24 Scale Rechargeable Remote Car fo...,₹729,3.8,"-2,468"
1188,CADDLE & TOES Famous Car Remote Control 3D with LED Lig...,₹363,3.5,"-52,302"
1189,frendo High Speed 1:24 Rechargeable C type charging Min...,₹699,3.7,-898
1190,frendo High Speed 1:24 Scale Rechargeable Remote Car fo...,₹699,3.8,"-2,468"
1191,frendo Off Roader Rechargeable Remote Control Monster T...,"₹1,099",4.1,"-4,105"
1192,CADDLE & TOES Famous Car Remote Control 3D with LED Lig...,₹461,3.5,"-52,302"
1193,UB Toys UB Toys Rechargeable 360 Remote Control Stunt C...,₹595,3.6,-409
1194,Buddynjoy 3D lighting kids high speed rechargeable remo...,₹386,3.6,"-15,021"
1195,frendo Off Roader Rechargeable Remote Control Monster T...,"₹1,099",4.1,"-4,105"
1196,BACHCHARIDE Vande Bharat Express Toy Train –Model 105 B...,₹267,N/A,N/A
1197,frendo High Speed 1:24 Scale Rechargeable Remote Car fo...,₹599,3.8,"-2,468"
1198,"SHAILRON High-Speed RC Stunt Car, Finger Gesture Contro...","₹1,740",3.6,-7
1199,APJ enterprise Remote Controlled Spray Racing Sports Ca...,"₹1,986",N/A,N/A